"","state.name","year","Total.Population","Age_0to24","Age_25to44","Age_45to64","Age_65plus","Male","Female","state"
"1","Alabama",2000,4452173,1564517,1284371,1022405,580880,2149338,2302835,"AL"
"2","Alabama",2001,4467634,1568372,1266952,1048479,583831,2158138,2309496,"AL"
"3","Alabama",2002,4480089,1567247,1249808,1077429,585605,2165719,2314370,"AL"
"4","Alabama",2003,4503491,1569632,1238460,1105027,590372,2179422,2324069,"AL"
"5","Alabama",2004,4530729,1571596,1231571,1133736,593826,2192872,2337857,"AL"
"6","Alabama",2005,4569805,1575399,1228586,1163718,602102,2213382,2356423,"AL"
"7","Alabama",2006,4628981,1585912,1233767,1196222,613080,2243501,2385480,"AL"
"8","Alabama",2007,4672840,1595292,1232608,1222870,622070,2265565,2407275,"AL"
"9","Alabama",2008,4718206,1605358,1231410,1244494,636944,2287949,2430257,"AL"
"10","Alabama",2009,4757938,1611076,1232200,1265621,649041,2309779,2448159,"AL"
"11","Alabama",2010,4785437,1610188,1228719,1285686,660844,2323013,2462501,"AL"
"12","Alabama",2011,4799069,1605472,1225177,1296403,672017,2328518,2471124,"AL"
"13","Alabama",2012,4815588,1602026,1225301,1290257,698004,2336196,2480436,"AL"
"14","Alabama",2013,4830081,1596545,1226950,1286997,719589,2343135,2488451,"AL"
"15","Alabama",2014,4841799,1586296,1228634,1285053,741816,2348012,2495725,"AL"
"16","Alabama",2015,4852347,1574083,1229894,1286301,762069,2352806,2501997,"AL"
"17","Alabama",2016,4863525,1561067,1230234,1288525,783699,2357211,2509613,"AL"
"18","Alabama",2017,4874486,1550890,1231962,1286850,804784,2360503,2517486,"AL"
"19","Alabama",2018,4887681,1544223,1235156,1281850,826452,2365445,2526183,"AL"
"20","Alabama",2019,4903185,1538530,1240535,1274283,849837,2371832,2536133,"AL"
"21","Alabama",2020,5031864,1596076,1270485,1299278,866025,2446241,2585623,"AL"
"22","Alabama",2021,5050380,1602564,1276808,1287953,883055,2452912,2597468,"AL"
"23","Alabama",2022,5073903,1605570,1283022,1279423,905888,2463660,2610243,"AL"
"24","Alabama",2023,5108468,1611135,1291992,1273029,932312,2479253,2629215,"AL"
"25","Alaska",2000,627963,248285,202899,140673,36106,324750,303213,"AK"
"26","Alaska",2001,633714,250545,198158,147596,37415,328135,305579,"AK"
"27","Alaska",2002,642337,253769,194428,155272,38868,332704,309633,"AK"
"28","Alaska",2003,648414,255096,190773,162136,40409,335380,313034,"AK"
"29","Alaska",2004,659286,258217,189864,169057,42148,341479,317807,"AK"
"30","Alaska",2005,666946,258895,188753,175353,43945,346026,320920,"AK"
"31","Alaska",2006,675302,259949,188470,181283,45600,350181,325121,"AK"
"32","Alaska",2007,680300,258727,188612,185355,47606,353162,327138,"AK"
"33","Alaska",2008,687455,258330,189673,189130,50322,358043,329412,"AK"
"34","Alaska",2009,698895,259600,191023,195393,52879,361893,337002,"AK"
"35","Alaska",2010,713910,263356,197484,197504,55566,371634,342348,"AK"
"36","Alaska",2011,722128,264702,200160,199071,58195,375929,346420,"AK"
"37","Alaska",2012,730443,266137,203538,198358,62410,381032,349778,"AK"
"38","Alaska",2013,737068,267997,206940,195979,66152,385939,351687,"AK"
"39","Alaska",2014,736283,265387,207935,193067,69894,385994,351081,"AK"
"40","Alaska",2015,737498,263026,209364,191170,73938,386716,351714,"AK"
"41","Alaska",2016,741456,261358,212764,189171,78163,388632,353943,"AK"
"42","Alaska",2017,739700,257288,213484,186332,82596,386986,353997,"AK"
"43","Alaska",2018,735139,252550,213174,182325,87090,384304,352320,"AK"
"44","Alaska",2019,731545,248135,213353,178469,91588,382813,350790,"AK"
"45","Alaska",2020,732964,247148,214319,177653,93844,385187,347777,"AK"
"46","Alaska",2021,734923,246520,216003,174307,98093,386264,348659,"AK"
"47","Alaska",2022,733276,243552,217155,170890,101679,385171,348105,"AK"
"48","Alaska",2023,733406,241738,218321,168036,105311,385345,348061,"AK"
"49","Arizona",2000,5160586,1893041,1514406,1081807,671332,2576007,2584579,"AZ"
"50","Arizona",2001,5273477,1935033,1526458,1128753,683233,2631801,2641676,"AZ"
"51","Arizona",2002,5396255,1977345,1543384,1179404,696122,2692038,2704217,"AZ"
"52","Arizona",2003,5510364,2013530,1554533,1230617,711684,2746287,2764077,"AZ"
"53","Arizona",2004,5652404,2055650,1580090,1286040,730624,2816798,2835606,"AZ"
"54","Arizona",2005,5839077,2109509,1620018,1353018,756532,2908266,2930811,"AZ"
"55","Arizona",2006,6029141,2166853,1664223,1417801,780264,3003007,3026134,"AZ"
"56","Arizona",2007,6167681,2213755,1682760,1468199,802967,3070683,3096998,"AZ"
"57","Arizona",2008,6280362,2250102,1690369,1507727,832164,3125084,3155278,"AZ"
"58","Arizona",2009,6343154,2256781,1685082,1540845,860446,3153246,3189908,"AZ"
"59","Arizona",2010,6407172,2262253,1681042,1574786,889091,3184011,3223331,"AZ"
"60","Arizona",2011,6472643,2265153,1690623,1597216,919651,3218148,3255268,"AZ"
"61","Arizona",2012,6554978,2279805,1704165,1601327,969681,3259698,3296646,"AZ"
"62","Arizona",2013,6632764,2288039,1719573,1611637,1013515,3297562,3337128,"AZ"
"63","Arizona",2014,6730413,2301028,1741550,1627881,1059954,3347316,3385557,"AZ"
"64","Arizona",2015,6829676,2305576,1765511,1650603,1107986,3397442,3435368,"AZ"
"65","Arizona",2016,6941072,2313072,1795527,1675900,1156573,3452321,3492446,"AZ"
"66","Arizona",2017,7044008,2313181,1827995,1696345,1206487,3502772,3545316,"AZ"
"67","Arizona",2018,7158024,2324458,1863583,1713811,1256172,3560169,3604059,"AZ"
"68","Arizona",2019,7278717,2334080,1903120,1732884,1308633,3622802,3669041,"AZ"
"69","Arizona",2020,7186683,2274373,1876430,1724321,1311559,3590478,3596205,"AZ"
"70","Arizona",2021,7272487,2272458,1913336,1734813,1351880,3631092,3641395,"AZ"
"71","Arizona",2022,7365684,2289379,1946849,1738291,1391165,3674902,3690782,"AZ"
"72","Arizona",2023,7431344,2287433,1970906,1738486,1434519,3707729,3723615,"AZ"
"73","Arkansas",2000,2678588,944127,749201,610756,374504,1307573,1371015,"AR"
"74","Arkansas",2001,2691571,947737,743315,625960,374559,1314726,1376845,"AR"
"75","Arkansas",2002,2705927,951001,737150,642505,375271,1322688,1383239,"AR"
"76","Arkansas",2003,2724816,954701,734963,657421,377731,1333293,1391523,"AR"
"77","Arkansas",2004,2749686,958945,736873,673738,380130,1346638,1403048,"AR"
"78","Arkansas",2005,2781097,964226,741013,691183,384675,1362802,1418295,"AR"
"79","Arkansas",2006,2821761,971724,747504,709982,392551,1383333,1438428,"AR"
"80","Arkansas",2007,2848650,978062,747162,724609,398817,1397292,1451358,"AR"
"81","Arkansas",2008,2874554,984560,745354,737074,407566,1410334,1464220,"AR"
"82","Arkansas",2009,2896843,989839,743283,749138,414583,1421830,1475013,"AR"
"83","Arkansas",2010,2921964,997140,743027,760249,421548,1434725,1487273,"AR"
"84","Arkansas",2011,2940667,1001226,745419,766458,427564,1444411,1496627,"AR"
"85","Arkansas",2012,2952164,1002006,747311,760571,442276,1450467,1502409,"AR"
"86","Arkansas",2013,2959400,1000198,748724,757020,453458,1453888,1506571,"AR"
"87","Arkansas",2014,2967392,997511,750150,754216,465515,1457950,1510809,"AR"
"88","Arkansas",2015,2978048,993387,753383,754958,476320,1463916,1515816,"AR"
"89","Arkansas",2016,2989918,989269,757147,756188,487314,1469966,1521849,"AR"
"90","Arkansas",2017,3001345,986001,761587,755336,498421,1475907,1527948,"AR"
"91","Arkansas",2018,3009733,982729,764254,752124,510626,1479090,1533071,"AR"
"92","Arkansas",2019,3017804,979215,767131,747576,523882,1482909,1538076,"AR"
"93","Arkansas",2020,3014348,983883,767520,745723,517222,1488756,1525592,"AR"
"94","Arkansas",2021,3028443,986314,774482,741269,526378,1495342,1533101,"AR"
"95","Arkansas",2022,3046404,989232,780894,738420,537858,1503494,1542910,"AR"
"96","Arkansas",2023,3067732,991079,787932,737427,551294,1513837,1553895,"AR"
"97","California",2000,33987977,12658445,10724282,6996801,3608449,16937562,17050415,"CA"
"98","California",2001,34479458,12814399,10750718,7262695,3651646,17185235,17294223,"CA"
"99","California",2002,34871843,12922332,10725588,7531818,3692105,17373381,17498462,"CA"
"100","California",2003,35253159,13012777,10697022,7797979,3745381,17543650,17709509,"CA"
"101","California",2004,35574576,13080488,10675493,8035211,3783384,17703161,17871415,"CA"
"102","California",2005,35827943,13089970,10619001,8279719,3839253,17831713,17996230,"CA"
"103","California",2006,36021202,13071766,10578738,8498120,3872578,17923731,18097471,"CA"
"104","California",2007,36250311,13077771,10519395,8705909,3947236,18035385,18214926,"CA"
"105","California",2008,36604337,13134200,10505976,8907401,4056760,18207365,18396972,"CA"
"106","California",2009,36961229,13176846,10493897,9125993,4164493,18378154,18583075,"CA"
"107","California",2010,37319502,13212012,10508797,9325371,4273322,18546274,18773276,"CA"
"108","California",2011,37638369,13213175,10563533,9469980,4391681,18694789,18941522,"CA"
"109","California",2012,37948800,13196960,10636008,9525411,4590421,18847274,19097277,"CA"
"110","California",2013,38260787,13159242,10730918,9602418,4768209,18996586,19257182,"CA"
"111","California",2014,38596972,13114229,10844896,9687041,4950806,19164689,19422017,"CA"
"112","California",2015,38918045,13037366,10961901,9780183,5138595,19328315,19575981,"CA"
"113","California",2016,39167117,12927933,11088335,9838292,5312557,19453155,19696031,"CA"
"114","California",2017,39358497,12823494,11197559,9855042,5482402,19553823,19783962,"CA"
"115","California",2018,39461588,12702935,11274711,9825286,5658656,19607822,19829641,"CA"
"116","California",2019,39512223,12572676,11335052,9766380,5838115,19608525,19829085,"CA"
"117","California",2020,39503200,12513670,11320725,9824312,5844493,19752720,19750480,"CA"
"118","California",2021,39145060,12208832,11232326,9722080,5981822,19560558,19584502,"CA"
"119","California",2022,39040616,12133522,11165012,9607553,6134529,19496496,19544120,"CA"
"120","California",2023,38965193,12008067,11121517,9523676,6311933,19445653,19519540,"CA"
"121","Colorado",2000,4326921,1540341,1404449,963845,418286,2179179,2147742,"CO"
"122","Colorado",2001,4425687,1580359,1412620,1007267,425441,2229982,2195705,"CO"
"123","Colorado",2002,4490406,1602374,1406914,1049321,431797,2261741,2228665,"CO"
"124","Colorado",2003,4528732,1611263,1387655,1089599,440215,2275518,2253214,"CO"
"125","Colorado",2004,4575013,1617759,1381778,1125413,450063,2300502,2274511,"CO"
"126","Colorado",2005,4631888,1629060,1372686,1168558,461584,2323650,2308238,"CO"
"127","Colorado",2006,4720423,1649219,1380451,1211687,479066,2367463,2352960,"CO"
"128","Colorado",2007,4803868,1665365,1391221,1252323,494959,2407435,2396433,"CO"
"129","Colorado",2008,4889730,1684793,1404254,1286548,514135,2450670,2439060,"CO"
"130","Colorado",2009,4972195,1702523,1415641,1319651,534380,2491485,2480710,"CO"
"131","Colorado",2010,5047349,1716625,1430726,1345588,554410,2529590,2517949,"CO"
"132","Colorado",2011,5121108,1729415,1452344,1364151,575198,2566778,2555122,"CO"
"133","Colorado",2012,5192647,1738521,1475571,1367354,611201,2603488,2590172,"CO"
"134","Colorado",2013,5269035,1749646,1499651,1376086,643652,2643323,2627451,"CO"
"135","Colorado",2014,5350101,1762757,1524815,1386869,675660,2687056,2665581,"CO"
"136","Colorado",2015,5450623,1777615,1562535,1402880,707593,2741296,2713032,"CO"
"137","Colorado",2016,5539215,1785050,1598643,1416204,739318,2788777,2755067,"CO"
"138","Colorado",2017,5611885,1784265,1634622,1420498,772500,2827772,2789649,"CO"
"139","Colorado",2018,5691287,1787416,1675850,1420721,807300,2868175,2828980,"CO"
"140","Colorado",2019,5758736,1785736,1711425,1419163,842412,2900876,2857610,"CO"
"141","Colorado",2020,5785219,1788151,1724010,1420742,852316,2930032,2855187,"CO"
"142","Colorado",2021,5811596,1771338,1745390,1412115,882753,2943038,2868558,"CO"
"143","Colorado",2022,5841039,1763579,1767037,1399270,911153,2957733,2883306,"CO"
"144","Colorado",2023,5877610,1755214,1788489,1390892,943015,2976207,2901403,"CO"
"145","Connecticut",2000,3411777,1114769,1031174,795082,470752,1652459,1759318,"CT"
"146","Connecticut",2001,3432835,1124349,1017477,820033,470976,1663876,1768959,"CT"
"147","Connecticut",2002,3458749,1134634,1006189,846241,471685,1678249,1780500,"CT"
"148","Connecticut",2003,3484336,1143905,993386,872795,474250,1690868,1793468,"CT"
"149","Connecticut",2004,3496094,1147717,976914,896836,474627,1698016,1798078,"CT"
"150","Connecticut",2005,3506956,1150072,959888,921577,475419,1704888,1802068,"CT"
"151","Connecticut",2006,3517460,1150263,944217,946705,476275,1709785,1807675,"CT"
"152","Connecticut",2007,3527270,1148683,930413,966634,481540,1715653,1811617,"CT"
"153","Connecticut",2008,3545579,1146894,923555,982536,492594,1724830,1820749,"CT"
"154","Connecticut",2009,3561807,1145982,911836,1003524,500465,1733028,1828779,"CT"
"155","Connecticut",2010,3579114,1145409,902627,1022358,508720,1742350,1836823,"CT"
"156","Connecticut",2011,3588283,1141439,894883,1034753,517208,1747728,1840904,"CT"
"157","Connecticut",2012,3594547,1135998,889262,1033441,535846,1751542,1843669,"CT"
"158","Connecticut",2013,3594841,1128231,882963,1033554,550093,1752602,1843190,"CT"
"159","Connecticut",2014,3594524,1123047,875557,1032910,563010,1753445,1842252,"CT"
"160","Connecticut",2015,3587122,1113240,867238,1031763,574881,1750359,1838202,"CT"
"161","Connecticut",2016,3578141,1102779,860875,1027494,586993,1745932,1833898,"CT"
"162","Connecticut",2017,3573297,1092764,861822,1018785,599926,1743821,1831503,"CT"
"163","Connecticut",2018,3571520,1081479,869012,1006436,614593,1743201,1831360,"CT"
"164","Connecticut",2019,3565287,1069513,875170,990360,630244,1739032,1826990,"CT"
"165","Connecticut",2020,3577586,1062123,889011,996316,630136,1756250,1821336,"CT"
"166","Connecticut",2021,3603691,1069266,904505,981436,648484,1767743,1835948,"CT"
"167","Connecticut",2022,3608706,1063929,911333,965306,668138,1769851,1838855,"CT"
"168","Connecticut",2023,3617176,1058311,917176,950915,690774,1773938,1843238,"CT"
"169","Delaware",2000,786373,270867,236255,177082,102169,381926,404447,"DE"
"170","Delaware",2001,795699,274568,233890,183805,103436,386350,409349,"DE"
"171","Delaware",2002,806169,277625,232409,191073,105062,391517,414652,"DE"
"172","Delaware",2003,818003,280249,231993,198707,107054,397201,420802,"DE"
"173","Delaware",2004,830803,282443,232563,206390,109407,403483,427320,"DE"
"174","Delaware",2005,845150,285738,232763,214570,112079,409923,435227,"DE"
"175","Delaware",2006,859268,288488,232516,222436,115828,416502,442766,"DE"
"176","Delaware",2007,871749,292052,231339,229153,119205,422351,449398,"DE"
"177","Delaware",2008,883874,294703,230357,235098,123716,428393,455481,"DE"
"178","Delaware",2009,891730,296005,228638,240336,126751,431935,459795,"DE"
"179","Delaware",2010,899593,296488,227384,245621,130100,435673,463974,"DE"
"180","Delaware",2011,907381,296814,227311,249502,133754,439347,468243,"DE"
"181","Delaware",2012,915179,296864,227469,250071,140775,443394,472124,"DE"
"182","Delaware",2013,923576,295042,229950,251111,147473,447252,476810,"DE"
"183","Delaware",2014,932487,292937,232784,252817,153949,451683,481448,"DE"
"184","Delaware",2015,941252,290768,235059,255140,160285,456021,486044,"DE"
"185","Delaware",2016,948921,288756,236076,257102,166987,459497,490492,"DE"
"186","Delaware",2017,956823,287794,237424,257556,174049,463336,494606,"DE"
"187","Delaware",2018,965479,286947,239609,257623,181300,467559,499426,"DE"
"188","Delaware",2019,973764,286066,242181,256611,188906,472097,504571,"DE"
"189","Delaware",2020,991862,293193,246511,259912,192246,481473,510389,"DE"
"190","Delaware",2021,1004881,294539,249838,260160,200344,487482,517399,"DE"
"191","Delaware",2022,1019459,297437,252616,259650,209756,493768,525691,"DE"
"192","Delaware",2023,1031890,299053,254337,259182,219318,499148,532742,"DE"
"193","District of Columbia",2000,572046,187587,188950,125745,69764,269403,302643,"DC"
"194","District of Columbia",2001,574504,187193,190251,128215,68845,270764,303740,"DC"
"195","District of Columbia",2002,573158,185628,189118,130398,68014,270012,303146,"DC"
"196","District of Columbia",2003,568502,182798,187244,131088,67372,267895,300607,"DC"
"197","District of Columbia",2004,567754,182100,186503,132297,66854,267470,300284,"DC"
"198","District of Columbia",2005,567136,181486,185619,133429,66602,267523,299613,"DC"
"199","District of Columbia",2006,570681,182490,187870,134355,65966,269359,301322,"DC"
"200","District of Columbia",2007,574404,182654,190131,135387,66232,271455,302949,"DC"
"201","District of Columbia",2008,580236,184020,192899,136532,66785,273971,306265,"DC"
"202","District of Columbia",2009,592228,187042,199093,138293,67800,280400,311828,"DC"
"203","District of Columbia",2010,605226,187601,208088,140434,69103,285974,319308,"DC"
"204","District of Columbia",2011,619800,187493,219040,143106,70161,293695,326595,"DC"
"205","District of Columbia",2012,634924,188857,229579,143820,72668,301023,334714,"DC"
"206","District of Columbia",2013,650581,191067,239403,145144,74967,309137,342422,"DC"
"207","District of Columbia",2014,662328,193162,245996,145826,77344,315215,348388,"DC"
"208","District of Columbia",2015,675400,195709,253147,146577,79967,321166,355848,"DC"
"209","District of Columbia",2016,685815,196379,259823,147625,81988,326511,361065,"DC"
"210","District of Columbia",2017,694906,198937,265471,146873,83625,330743,366336,"DC"
"211","District of Columbia",2018,701547,200640,269447,146009,85451,334326,369821,"DC"
"212","District of Columbia",2019,705749,200734,273510,144162,87343,335860,372393,"DC"
"213","District of Columbia",2020,670839,180044,266107,140765,83923,320853,349986,"DC"
"214","District of Columbia",2021,669037,191502,255399,136687,85449,318580,350457,"DC"
"215","District of Columbia",2022,670949,191718,256825,135523,86883,318321,352628,"DC"
"216","District of Columbia",2023,678972,194447,260428,135365,88732,321715,357257,"DC"
"217","Florida",2000,16047515,4996575,4574160,3664625,2812155,7830201,8217314,"FL"
"218","Florida",2001,16356966,5116224,4591807,3815136,2833799,7984190,8372776,"FL"
"219","Florida",2002,16689370,5230874,4617681,3982690,2858125,8147636,8541734,"FL"
"220","Florida",2003,17004085,5334022,4636916,4143913,2889234,8306512,8697573,"FL"
"221","Florida",2004,17415318,5464080,4693728,4325200,2932310,8512871,8902447,"FL"
"222","Florida",2005,17842038,5582577,4759595,4518779,2981087,8724088,9117950,"FL"
"223","Florida",2006,18166990,5675804,4804621,4682231,3004334,8886910,9280080,"FL"
"224","Florida",2007,18367842,5719064,4794919,4800683,3053176,8989255,9378587,"FL"
"225","Florida",2008,18527305,5735526,4764109,4892666,3135004,9062026,9465279,"FL"
"226","Florida",2009,18652644,5728295,4728842,4989792,3205715,9118355,9534289,"FL"
"227","Florida",2010,18845537,5742384,4726467,5098469,3278217,9212261,9633882,"FL"
"228","Florida",2011,19053237,5766397,4752143,5175250,3359447,9319031,9736576,"FL"
"229","Florida",2012,19297822,5789700,4807457,5193633,3507032,9437047,9864969,"FL"
"230","Florida",2013,19545621,5812969,4867648,5229183,3635821,9560101,9991577,"FL"
"231","Florida",2014,19845911,5834778,4950029,5290557,3770547,9707653,10146227,"FL"
"232","Florida",2015,20209042,5866581,5053017,5376877,3912567,9888249,10330862,"FL"
"233","Florida",2016,20613477,5909707,5166361,5473590,4063819,10087052,10540185,"FL"
"234","Florida",2017,20963613,5947728,5263303,5544872,4207710,10256426,10720663,"FL"
"235","Florida",2018,21244317,5969874,5337990,5585709,4350744,10391264,10863662,"FL"
"236","Florida",2019,21477737,5972697,5399953,5607750,4497337,10504982,10987074,"FL"
"237","Florida",2020,21591299,6019774,5421950,5658814,4490761,10606670,10984629,"FL"
"238","Florida",2021,21830708,6045855,5481896,5681567,4621390,10722007,11108701,"FL"
"239","Florida",2022,22245521,6129946,5604836,5744004,4766735,10926667,11318854,"FL"
"240","Florida",2023,22610726,6195868,5709087,5789079,4916692,11108809,11501917,"FL"
"241","Georgia",2000,8227303,3021395,2656884,1760584,788440,4047070,4180233,"GA"
"242","Georgia",2001,8377038,3081580,2668017,1827422,800019,4120876,4256162,"GA"
"243","Georgia",2002,8508256,3127314,2668636,1899932,812374,4180322,4327934,"GA"
"244","Georgia",2003,8622793,3162057,2662858,1970222,827656,4227841,4394952,"GA"
"245","Georgia",2004,8769252,3213208,2674993,2038368,842683,4305728,4463524,"GA"
"246","Georgia",2005,8925922,3251737,2685792,2119838,868555,4370659,4555263,"GA"
"247","Georgia",2006,9155813,3321648,2727666,2200726,905773,4485207,4670606,"GA"
"248","Georgia",2007,9349988,3385159,2747437,2282405,934987,4572416,4777572,"GA"
"249","Georgia",2008,9504843,3428018,2758599,2345888,972338,4647859,4856984,"GA"
"250","Georgia",2009,9620846,3453486,2750052,2410651,1006657,4703090,4917756,"GA"
"251","Georgia",2010,9711881,3464515,2732614,2473748,1041004,4741350,4970859,"GA"
"252","Georgia",2011,9802431,3476280,2730710,2519658,1075783,4787121,5016509,"GA"
"253","Georgia",2012,9901430,3493582,2733849,2535194,1138805,4835176,5068404,"GA"
"254","Georgia",2013,9972479,3492701,2734179,2551660,1193939,4865905,5109687,"GA"
"255","Georgia",2014,10067278,3498621,2744751,2575793,1248113,4908947,5162257,"GA"
"256","Georgia",2015,10178447,3504515,2761220,2611448,1301264,4960439,5222914,"GA"
"257","Georgia",2016,10301890,3512062,2786464,2649487,1353877,5017995,5290447,"GA"
"258","Georgia",2017,10410330,3513153,2813474,2677709,1405994,5067956,5349075,"GA"
"259","Georgia",2018,10511131,3513515,2841654,2696424,1459538,5115616,5403773,"GA"
"260","Georgia",2019,10617423,3519069,2874215,2707185,1516954,5165685,5462335,"GA"
"261","Georgia",2020,10732390,3558821,2899814,2740317,1533438,5241444,5490946,"GA"
"262","Georgia",2021,10790385,3550924,2921786,2737609,1580066,5261935,5528450,"GA"
"263","Georgia",2022,10913150,3571912,2964351,2741421,1635466,5321052,5592098,"GA"
"264","Georgia",2023,11029227,3583965,2999647,2749398,1696217,5375012,5654215,"GA"
"265","Hawaii",2000,1213519,411421,361421,279562,161115,610025,603494,"HI"
"266","Hawaii",2001,1225948,415103,357271,290188,163386,616759,609189,"HI"
"267","Hawaii",2002,1239613,418230,354814,301116,165453,623421,616192,"HI"
"268","Hawaii",2003,1251154,421137,350487,311559,167971,627401,623753,"HI"
"269","Hawaii",2004,1273569,426537,351586,324979,170467,636705,636864,"HI"
"270","Hawaii",2005,1292729,428632,355213,334648,174236,647916,644813,"HI"
"271","Hawaii",2006,1309731,430802,358311,343811,176807,657380,652351,"HI"
"272","Hawaii",2007,1315675,428049,355570,352482,179574,658490,657185,"HI"
"273","Hawaii",2008,1332213,429631,358796,359325,184461,666900,665313,"HI"
"274","Hawaii",2009,1346717,431738,360092,364508,190379,673642,673075,"HI"
"275","Hawaii",2010,1363963,435117,362478,369744,196624,683296,680708,"HI"
"276","Hawaii",2011,1379329,438375,366528,371336,203090,691034,688528,"HI"
"277","Hawaii",2012,1394804,440842,372449,369366,212147,699593,695606,"HI"
"278","Hawaii",2013,1408243,442639,377408,367116,221080,707258,701564,"HI"
"279","Hawaii",2014,1414538,440739,379054,365014,229731,711074,704261,"HI"
"280","Hawaii",2015,1422052,438996,381825,362946,238285,715211,707788,"HI"
"281","Hawaii",2016,1427559,434988,384982,361239,246350,718175,710710,"HI"
"282","Hawaii",2017,1424393,428984,384212,357112,254085,715536,710227,"HI"
"283","Hawaii",2018,1420593,423708,383261,352104,261520,713382,709720,"HI"
"284","Hawaii",2019,1415872,418742,381798,346884,268448,709196,706419,"HI"
"285","Hawaii",2020,1451181,423028,389796,358816,279541,731564,719617,"HI"
"286","Hawaii",2021,1446745,418989,385814,353737,288205,728041,718704,"HI"
"287","Hawaii",2022,1439399,413106,382258,348938,295097,722852,716547,"HI"
"288","Hawaii",2023,1435138,409025,378504,345103,302506,719795,715343,"HI"
"289","Idaho",2000,1299430,510217,362462,280293,146458,651446,647984,"ID"
"290","Idaho",2001,1319962,517357,362154,291603,148848,661919,658043,"ID"
"291","Idaho",2002,1340372,522701,362465,303381,151825,671686,668686,"ID"
"292","Idaho",2003,1363380,529597,363761,314932,155090,683503,679877,"ID"
"293","Idaho",2004,1391802,537064,368918,326759,159061,698616,693186,"ID"
"294","Idaho",2005,1428241,547773,374779,341557,164132,716258,711983,"ID"
"295","Idaho",2006,1468669,558597,383267,356059,170746,736565,732104,"ID"
"296","Idaho",2007,1505105,569371,391280,368093,176361,754978,750127,"ID"
"297","Idaho",2008,1534320,577674,396766,376702,183178,769528,764792,"ID"
"298","Idaho",2009,1554439,581251,399670,383795,189723,779041,775398,"ID"
"299","Idaho",2010,1570746,583539,400960,390118,196129,786849,783970,"ID"
"300","Idaho",2011,1583910,584115,403286,394778,201731,793303,790969,"ID"
"301","Idaho",2012,1595324,583988,405008,394372,211956,799097,796813,"ID"
"302","Idaho",2013,1611206,585546,408695,395311,221654,807413,804640,"ID"
"303","Idaho",2014,1631112,588295,413775,397604,231438,817820,814428,"ID"
"304","Idaho",2015,1651059,589755,419128,401022,241154,827894,824601,"ID"
"305","Idaho",2016,1682380,595691,428353,406029,252307,843658,840378,"ID"
"306","Idaho",2017,1717715,602524,440068,410921,264202,861715,858030,"ID"
"307","Idaho",2018,1750536,606962,451751,414659,277164,878348,873726,"ID"
"308","Idaho",2019,1787065,612607,463662,420126,290670,897065,891995,"ID"
"309","Idaho",2020,1849339,639209,476242,431942,301946,929177,920162,"ID"
"310","Idaho",2021,1904537,652883,494343,441302,316009,957276,947261,"ID"
"311","Idaho",2022,1938996,658177,505135,447076,328608,975291,963705,"ID"
"312","Idaho",2023,1964726,661015,511899,450682,341130,988459,976267,"ID"
"313","Illinois",2000,12434161,4461656,3787941,2683910,1500654,6088884,6345277,"IL"
"314","Illinois",2001,12488445,4474130,3756180,2757133,1501002,6118002,6370443,"IL"
"315","Illinois",2002,12525556,4471890,3720108,2834615,1498943,6137659,6387897,"IL"
"316","Illinois",2003,12556006,4466611,3675421,2908431,1505543,6153147,6402859,"IL"
"317","Illinois",2004,12589773,4464939,3634054,2979461,1511319,6175564,6414209,"IL"
"318","Illinois",2005,12609903,4440674,3595524,3056388,1517317,6186072,6423831,"IL"
"319","Illinois",2006,12643955,4419952,3572420,3128230,1523353,6203933,6440022,"IL"
"320","Illinois",2007,12695866,4411574,3552188,3189720,1542384,6228289,6467577,"IL"
"321","Illinois",2008,12747038,4399167,3537433,3240921,1569517,6253501,6493537,"IL"
"322","Illinois",2009,12796778,4387412,3517245,3300115,1592006,6276055,6520723,"IL"
"323","Illinois",2010,12840503,4370343,3500021,3354132,1616007,6297110,6543435,"IL"
"324","Illinois",2011,12867454,4343730,3491412,3390417,1641895,6311920,6555863,"IL"
"325","Illinois",2012,12882510,4315488,3480981,3383803,1702238,6320211,6562818,"IL"
"326","Illinois",2013,12895129,4282975,3477581,3383189,1751384,6329266,6566512,"IL"
"327","Illinois",2014,12884493,4242366,3463903,3378991,1799233,6324583,6560509,"IL"
"328","Illinois",2015,12858913,4195358,3443469,3375948,1844138,6314089,6545496,"IL"
"329","Illinois",2016,12820527,4139881,3423212,3364635,1892799,6297836,6523873,"IL"
"330","Illinois",2017,12778828,4085307,3411501,3341489,1940531,6278554,6501339,"IL"
"331","Illinois",2018,12723071,4027960,3401999,3302039,1991073,6252095,6472590,"IL"
"332","Illinois",2019,12671821,3975286,3395231,3258072,2043232,6223897,6443120,"IL"
"333","Illinois",2020,12790357,4016820,3431604,3288048,2053885,6323271,6467086,"IL"
"334","Illinois",2021,12690341,3953429,3405379,3233878,2097655,6273660,6416681,"IL"
"335","Illinois",2022,12582515,3885922,3374263,3177240,2145090,6218598,6363917,"IL"
"336","Illinois",2023,12549689,3843953,3364960,3136854,2203922,6201083,6348606,"IL"
"337","Indiana",2000,6091866,2193667,1787894,1356493,753812,2988697,3103169,"IN"
"338","Indiana",2001,6127760,2207899,1769492,1394274,756095,3007602,3120158,"IN"
"339","Indiana",2002,6155967,2212731,1749881,1435398,757957,3022625,3133342,"IN"
"340","Indiana",2003,6196638,2221871,1734492,1475938,764337,3044272,3152366,"IN"
"341","Indiana",2004,6233007,2228573,1720907,1514290,769237,3064055,3168952,"IN"
"342","Indiana",2005,6278616,2233567,1711914,1556874,776261,3087135,3191481,"IN"
"343","Indiana",2006,6332669,2241831,1705535,1597866,787437,3114466,3218203,"IN"
"344","Indiana",2007,6379599,2247003,1699363,1633325,799908,3138145,3241454,"IN"
"345","Indiana",2008,6424806,2255037,1690585,1661552,817632,3160843,3263963,"IN"
"346","Indiana",2009,6459325,2258519,1676552,1693506,830748,3177848,3281477,"IN"
"347","Indiana",2010,6490432,2257638,1667735,1720784,844275,3193173,3297382,"IN"
"348","Indiana",2011,6516528,2257182,1664408,1737995,856943,3206957,3310293,"IN"
"349","Indiana",2012,6537703,2256229,1660195,1732457,888822,3219531,3319458,"IN"
"350","Indiana",2013,6568713,2258335,1664672,1731068,914638,3236108,3334467,"IN"
"351","Indiana",2014,6593644,2255444,1667288,1729083,941829,3249379,3346640,"IN"
"352","Indiana",2015,6608422,2246407,1666747,1728657,966611,3258237,3353205,"IN"
"353","Indiana",2016,6634304,2240517,1670593,1728843,994351,3271847,3366051,"IN"
"354","Indiana",2017,6658078,2230051,1683439,1722407,1022181,3283972,3378096,"IN"
"355","Indiana",2018,6695497,2229592,1700768,1712433,1052704,3303131,3395350,"IN"
"356","Indiana",2019,6732219,2227719,1719646,1699111,1085743,3319439,3411571,"IN"
"357","Indiana",2020,6789098,2254894,1737172,1707218,1089814,3367131,3421967,"IN"
"358","Indiana",2021,6813798,2253508,1752813,1691656,1115821,3380192,3433606,"IN"
"359","Indiana",2022,6832274,2249145,1762469,1675591,1145069,3389186,3443088,"IN"
"360","Indiana",2023,6862199,2248377,1771624,1663050,1179148,3404471,3457728,"IN"
"361","Iowa",2000,2929067,1032646,805939,654102,436380,1437292,1491775,"IA"
"362","Iowa",2001,2931997,1031872,793288,671073,435764,1439710,1492287,"IA"
"363","Iowa",2002,2934234,1030368,780285,689151,434430,1442784,1491450,"IA"
"364","Iowa",2003,2941999,1032092,768483,706700,434724,1448092,1493907,"IA"
"365","Iowa",2004,2953635,1033787,759650,724776,435422,1454747,1498888,"IA"
"366","Iowa",2005,2964454,1031782,753008,743605,436059,1461435,1503019,"IA"
"367","Iowa",2006,2982644,1034022,747836,762251,438535,1471520,1511124,"IA"
"368","Iowa",2007,2999212,1031231,747886,777912,442183,1481189,1518023,"IA"
"369","Iowa",2008,3016734,1032925,746335,790684,446790,1491195,1525539,"IA"
"370","Iowa",2009,3032870,1033780,745305,803659,450126,1500131,1532739,"IA"
"371","Iowa",2010,3050745,1034923,747794,814372,453656,1510958,1539861,"IA"
"372","Iowa",2011,3066336,1039008,749668,821003,456657,1520207,1546565,"IA"
"373","Iowa",2012,3076190,1041683,748778,816264,469465,1526008,1550836,"IA"
"374","Iowa",2013,3092997,1048575,751404,814044,478974,1535373,1558562,"IA"
"375","Iowa",2014,3109350,1053881,754619,811212,489638,1544749,1565894,"IA"
"376","Iowa",2015,3120960,1054431,757384,808832,500313,1552076,1570465,"IA"
"377","Iowa",2016,3131371,1053008,761295,804645,512423,1558017,1575193,"IA"
"378","Iowa",2017,3141550,1050339,768987,797387,524837,1563872,1579862,"IA"
"379","Iowa",2018,3148618,1045457,776477,788324,538360,1567300,1582600,"IA"
"380","Iowa",2019,3155070,1040546,783365,778205,552954,1572960,1586636,"IA"
"381","Iowa",2020,3190904,1058565,793817,781911,556611,1598540,1592364,"IA"
"382","Iowa",2021,3197944,1056301,800535,773097,568011,1603175,1594769,"IA"
"383","Iowa",2022,3199693,1051628,803122,764231,580712,1604142,1595551,"IA"
"384","Iowa",2023,3207004,1049246,804537,757384,595837,1608044,1598960,"IA"
"385","Kansas",2000,2693681,990761,767825,578567,356528,1331181,1362500,"KS"
"386","Kansas",2001,2702162,993774,755887,596898,355603,1336196,1365966,"KS"
"387","Kansas",2002,2713535,997769,744899,616483,354384,1341637,1371898,"KS"
"388","Kansas",2003,2723004,1000775,732616,634975,354638,1345589,1377415,"KS"
"389","Kansas",2004,2734373,1001672,724588,652367,355746,1351977,1382396,"KS"
"390","Kansas",2005,2745299,1001328,715568,671418,356985,1357341,1387958,"KS"
"391","Kansas",2006,2762931,1001708,713707,688108,359408,1368839,1394092,"KS"
"392","Kansas",2007,2783785,1001764,714627,704882,362512,1378080,1405705,"KS"
"393","Kansas",2008,2808076,1007005,717210,716536,367325,1392513,1415563,"KS"
"394","Kansas",2009,2832704,1010747,720316,729538,372103,1404565,1428139,"KS"
"395","Kansas",2010,2858190,1016355,725604,739171,377060,1418145,1440121,"KS"
"396","Kansas",2011,2869225,1017663,726063,744243,381256,1424226,1445451,"KS"
"397","Kansas",2012,2885257,1023378,728876,739043,393960,1434229,1451795,"KS"
"398","Kansas",2013,2893212,1024244,729930,734848,404190,1439885,1454421,"KS"
"399","Kansas",2014,2900475,1023862,730792,731217,414604,1445042,1456819,"KS"
"400","Kansas",2015,2909011,1022731,732725,728696,424859,1450195,1460522,"KS"
"401","Kansas",2016,2910844,1016501,733673,724377,436293,1451334,1461643,"KS"
"402","Kansas",2017,2908718,1007524,735666,717570,447958,1450416,1460476,"KS"
"403","Kansas",2018,2911359,1001055,740446,708701,461157,1451427,1461321,"KS"
"404","Kansas",2019,2913314,994410,743951,699466,475487,1450555,1462080,"KS"
"405","Kansas",2020,2938124,1009071,751862,701468,475723,1474552,1463572,"KS"
"406","Kansas",2021,2937946,1003679,755163,692342,486762,1474399,1463547,"KS"
"407","Kansas",2022,2936716,998030,755409,684118,499159,1473469,1463247,"KS"
"408","Kansas",2023,2940546,993997,756131,677024,513394,1474638,1465908,"KS"
"409","Kentucky",2000,4049021,1399106,1207861,936459,505595,1979305,2069716,"KY"
"410","Kentucky",2001,4068132,1405375,1194291,961309,507157,1991261,2076871,"KY"
"411","Kentucky",2002,4089875,1409299,1181622,990336,508618,2002652,2087223,"KY"
"412","Kentucky",2003,4117170,1413293,1170580,1019563,513734,2014862,2102308,"KY"
"413","Kentucky",2004,4146101,1415690,1167552,1044090,518769,2034050,2112051,"KY"
"414","Kentucky",2005,4182742,1418098,1163875,1072902,527867,2053084,2129658,"KY"
"415","Kentucky",2006,4219239,1416324,1162541,1102089,538285,2070143,2149096,"KY"
"416","Kentucky",2007,4256672,1423964,1160702,1123960,548046,2092462,2164210,"KY"
"417","Kentucky",2008,4289878,1429553,1152941,1146722,560662,2106346,2183532,"KY"
"418","Kentucky",2009,4317074,1432743,1147693,1166100,570538,2123938,2193136,"KY"
"419","Kentucky",2010,4348181,1439301,1142930,1185554,580396,2139544,2208920,"KY"
"420","Kentucky",2011,4369821,1443353,1138563,1197608,590297,2150213,2220604,"KY"
"421","Kentucky",2012,4386346,1445886,1133761,1192209,614490,2160319,2227546,"KY"
"422","Kentucky",2013,4404659,1449716,1131235,1189771,633937,2171075,2235831,"KY"
"423","Kentucky",2014,4414349,1444939,1127893,1186975,654542,2175588,2241404,"KY"
"424","Kentucky",2015,4425976,1439084,1127614,1186750,672528,2182265,2246861,"KY"
"425","Kentucky",2016,4438182,1432289,1128689,1185859,691345,2187199,2253107,"KY"
"426","Kentucky",2017,4452268,1428882,1132183,1181153,710050,2195279,2260311,"KY"
"427","Kentucky",2018,4461153,1423400,1135035,1173329,729389,2198928,2265345,"KY"
"428","Kentucky",2019,4467673,1416825,1138333,1161951,750564,2203309,2269036,"KY"
"429","Kentucky",2020,4508155,1434986,1151014,1168916,753239,2235946,2272209,"KY"
"430","Kentucky",2021,4507600,1427983,1154758,1155562,769297,2234089,2273511,"KY"
"431","Kentucky",2022,4511563,1424313,1157377,1143665,786208,2236516,2275047,"KY"
"432","Kentucky",2023,4526154,1424321,1161255,1133821,806757,2243135,2283019,"KY"
"433","Louisiana",2000,4471885,1693785,1289109,971272,517719,2164907,2306978,"LA"
"434","Louisiana",2001,4477875,1690162,1268704,1000109,518900,2169812,2308063,"LA"
"435","Louisiana",2002,4497267,1689536,1254237,1031950,521544,2181743,2315524,"LA"
"436","Louisiana",2003,4521042,1689670,1242754,1062879,525739,2193889,2327153,"LA"
"437","Louisiana",2004,4552238,1689104,1241246,1092639,529249,2213485,2338753,"LA"
"438","Louisiana",2005,4576628,1679829,1237958,1123900,534941,2227187,2349441,"LA"
"439","Louisiana",2006,4302665,1538441,1152042,1096422,515760,2098593,2204072,"LA"
"440","Louisiana",2007,4375581,1563217,1162238,1125130,524996,2136456,2239125,"LA"
"441","Louisiana",2008,4435586,1577866,1169750,1150107,537863,2165956,2269630,"LA"
"442","Louisiana",2009,4491648,1587410,1181653,1173443,549142,2196449,2295199,"LA"
"443","Louisiana",2010,4544532,1592630,1197065,1194058,560779,2224710,2319925,"LA"
"444","Louisiana",2011,4575625,1591447,1206298,1206066,571814,2239686,2336558,"LA"
"445","Louisiana",2012,4600972,1589135,1214328,1201406,596103,2251808,2350259,"LA"
"446","Louisiana",2013,4624527,1585675,1223468,1200553,614831,2263782,2362258,"LA"
"447","Louisiana",2014,4644013,1578967,1233169,1197483,634394,2273563,2372375,"LA"
"448","Louisiana",2015,4664628,1569805,1243467,1196294,655062,2283827,2383171,"LA"
"449","Louisiana",2016,4678135,1556108,1252176,1192576,677275,2289335,2392011,"LA"
"450","Louisiana",2017,4670560,1538372,1251248,1183441,697499,2283039,2390634,"LA"
"451","Louisiana",2018,4659690,1521438,1250023,1169762,718467,2276587,2387863,"LA"
"452","Louisiana",2019,4648794,1506673,1248081,1153018,741022,2272316,2385969,"LA"
"453","Louisiana",2020,4652022,1525482,1244425,1144561,737554,2279962,2372060,"LA"
"454","Louisiana",2021,4627047,1512690,1234824,1125062,754471,2265685,2361362,"LA"
"455","Louisiana",2022,4588023,1493173,1217211,1105598,772041,2243625,2344398,"LA"
"456","Louisiana",2023,4573749,1483674,1206078,1090342,793655,2234898,2338851,"LA"
"457","Maine",2000,1277072,405848,369562,317949,183713,621527,655545,"ME"
"458","Maine",2001,1285692,407265,364111,329150,185166,626035,659657,"ME"
"459","Maine",2002,1295960,408638,359629,341025,186668,631734,664226,"ME"
"460","Maine",2003,1306513,410314,354995,352964,188240,637833,668680,"ME"
"461","Maine",2004,1313688,409854,349636,364393,189805,641826,671862,"ME"
"462","Maine",2005,1318787,408694,343558,375155,191380,644683,674104,"ME"
"463","Maine",2006,1323619,406291,337692,385189,194447,647462,676157,"ME"
"464","Maine",2007,1327040,402611,332401,394024,198004,649243,677797,"ME"
"465","Maine",2008,1330509,399450,326952,400769,203338,651096,679413,"ME"
"466","Maine",2009,1329590,395020,320549,406351,207670,650896,678694,"ME"
"467","Maine",2010,1327629,389382,314778,411504,211965,649708,677943,"ME"
"468","Maine",2011,1328284,385643,311968,414690,215983,650466,678007,"ME"
"469","Maine",2012,1327729,381332,309088,411301,226008,650263,677831,"ME"
"470","Maine",2013,1328009,377066,307858,408375,234710,650942,677601,"ME"
"471","Maine",2014,1330513,373505,307991,405825,243192,651946,679271,"ME"
"472","Maine",2015,1328262,368381,306585,403193,250103,650756,678342,"ME"
"473","Maine",2016,1331317,365091,307120,400805,258301,652321,680027,"ME"
"474","Maine",2017,1334612,361127,309464,397339,266682,654184,681559,"ME"
"475","Maine",2018,1339057,358384,312746,391890,276037,656203,683920,"ME"
"476","Maine",2019,1344212,355774,316883,386290,285265,659096,686674,"ME"
"477","Maine",2020,1364517,360803,324381,388681,290652,672604,691913,"ME"
"478","Maine",2021,1378787,361825,332185,384113,300664,679431,699356,"ME"
"479","Maine",2022,1389338,361766,337758,378929,310885,684579,704759,"ME"
"480","Maine",2023,1395722,359778,341826,373277,320841,687555,708167,"ME"
"481","Maryland",2000,5311034,1811184,1663110,1235297,601443,2565003,2746031,"MD"
"482","Maryland",2001,5374691,1836870,1652198,1277071,608552,2594827,2779864,"MD"
"483","Maryland",2002,5440389,1859992,1643595,1321843,614959,2625192,2815197,"MD"
"484","Maryland",2003,5496269,1877739,1632141,1363393,622996,2652422,2843847,"MD"
"485","Maryland",2004,5546935,1891550,1620262,1404618,630505,2676892,2870043,"MD"
"486","Maryland",2005,5592379,1900261,1610134,1443478,638506,2700618,2891761,"MD"
"487","Maryland",2006,5627367,1903659,1598650,1478738,646320,2719404,2907963,"MD"
"488","Maryland",2007,5653408,1905095,1580856,1508904,658553,2733299,2920109,"MD"
"489","Maryland",2008,5684965,1902838,1569212,1534657,678258,2749177,2935788,"MD"
"490","Maryland",2009,5730388,1905848,1558062,1571495,694983,2770387,2960001,"MD"
"491","Maryland",2010,5788645,1911840,1559947,1604916,711942,2799968,2988816,"MD"
"492","Maryland",2011,5839419,1914921,1565350,1629461,729687,2826727,3013514,"MD"
"493","Maryland",2012,5886992,1911810,1575769,1634951,764462,2852253,3036122,"MD"
"494","Maryland",2013,5923188,1907507,1582333,1640296,793052,2870851,3054346,"MD"
"495","Maryland",2014,5957283,1905439,1586093,1644026,821725,2887562,3072502,"MD"
"496","Maryland",2015,5985562,1897165,1590296,1649806,848295,2901870,3086658,"MD"
"497","Maryland",2016,6003323,1887517,1589949,1649948,875909,2911529,3095485,"MD"
"498","Maryland",2017,6023868,1879983,1595982,1645286,902617,2921435,3106751,"MD"
"499","Maryland",2018,6035802,1869520,1604205,1631096,930981,2927093,3115060,"MD"
"500","Maryland",2019,6045680,1860836,1611462,1613986,959396,2932474,3122480,"MD"
"501","Maryland",2020,6173689,1908574,1649875,1641740,973500,3005604,3168085,"MD"
"502","Maryland",2021,6175045,1897416,1654407,1621853,1001369,3005032,3170013,"MD"
"503","Maryland",2022,6163981,1883977,1648337,1599997,1031670,2997871,3166110,"MD"
"504","Maryland",2023,6180253,1881526,1648038,1584305,1066384,3004403,3175850,"MD"
"505","Massachusetts",2000,6361104,2083753,1986325,1430128,860898,3064859,3296245,"MA"
"506","Massachusetts",2001,6397634,2099775,1967815,1472697,857347,3085067,3312567,"MA"
"507","Massachusetts",2002,6417206,2105451,1940811,1515932,855012,3097770,3319436,"MA"
"508","Massachusetts",2003,6422565,2106354,1905515,1557067,853629,3101748,3320817,"MA"
"509","Massachusetts",2004,6412281,2097205,1867029,1597141,850906,3097647,3314634,"MA"
"510","Massachusetts",2005,6403290,2087691,1828665,1636919,850015,3094280,3309010,"MA"
"511","Massachusetts",2006,6410084,2087347,1795786,1675719,851232,3098899,3311185,"MA"
"512","Massachusetts",2007,6431559,2088657,1769742,1712977,860183,3109906,3321653,"MA"
"513","Massachusetts",2008,6468967,2091353,1754618,1745822,877174,3128237,3340730,"MA"
"514","Massachusetts",2009,6517613,2097906,1741440,1786581,891686,3151754,3365859,"MA"
"515","Massachusetts",2010,6566307,2102640,1733812,1823267,906588,3176189,3390251,"MA"
"516","Massachusetts",2011,6613583,2101606,1739254,1850724,921999,3201390,3412828,"MA"
"517","Massachusetts",2012,6663005,2097527,1750436,1855611,959431,3228809,3435460,"MA"
"518","Massachusetts",2013,6713315,2096059,1763085,1863967,990204,3254176,3460982,"MA"
"519","Massachusetts",2014,6762596,2094448,1775117,1872410,1020621,3279870,3484994,"MA"
"520","Massachusetts",2015,6794228,2086198,1781106,1878702,1048222,3296395,3501089,"MA"
"521","Massachusetts",2016,6823608,2079471,1788412,1878915,1076810,3312204,3515076,"MA"
"522","Massachusetts",2017,6859789,2074079,1807335,1872850,1105525,3330954,3532606,"MA"
"523","Massachusetts",2018,6882635,2061504,1826349,1857957,1136825,3341301,3544419,"MA"
"524","Massachusetts",2019,6892503,2043521,1842827,1836823,1169332,3346503,3548380,"MA"
"525","Massachusetts",2020,6997713,2054112,1885140,1871730,1186731,3420990,3576723,"MA"
"526","Massachusetts",2021,6991951,2047897,1883103,1844697,1216254,3417373,3574578,"MA"
"527","Massachusetts",2022,6982740,2029034,1884666,1814943,1254097,3411760,3570980,"MA"
"528","Massachusetts",2023,7001399,2023008,1894578,1790139,1293674,3420435,3580964,"MA"
"529","Michigan",2000,9952450,3532987,2952464,2245700,1221299,4880268,5072182,"MI"
"530","Michigan",2001,9991120,3548769,2905689,2310403,1226259,4901831,5089289,"MI"
"531","Michigan",2002,10015710,3552890,2851453,2381204,1230163,4915539,5100171,"MI"
"532","Michigan",2003,10041152,3552261,2801823,2448494,1238574,4930631,5110521,"MI"
"533","Michigan",2004,10055315,3540714,2754780,2512778,1247043,4937386,5117929,"MI"
"534","Michigan",2005,10051137,3513903,2708190,2573778,1255266,4936817,5114320,"MI"
"535","Michigan",2006,10036081,3479089,2658755,2628794,1269443,4929460,5106621,"MI"
"536","Michigan",2007,10001284,3437445,2601061,2671540,1291238,4910249,5091035,"MI"
"537","Michigan",2008,9946889,3389238,2537217,2699413,1321021,4880990,5065899,"MI"
"538","Michigan",2009,9901591,3345390,2476233,2736345,1343623,4857253,5044338,"MI"
"539","Michigan",2010,9877510,3310589,2433561,2767075,1366285,4845205,5032392,"MI"
"540","Michigan",2011,9882412,3295116,2409274,2789413,1388609,4848547,5034506,"MI"
"541","Michigan",2012,9897145,3284010,2393977,2776100,1443058,4859376,5038913,"MI"
"542","Michigan",2013,9913065,3268972,2389287,2767253,1487553,4869738,5045064,"MI"
"543","Michigan",2014,9929848,3248822,2390322,2759488,1531216,4881058,5050975,"MI"
"544","Michigan",2015,9931715,3213230,2394081,2752697,1571707,4885706,5048777,"MI"
"545","Michigan",2016,9950571,3180931,2409397,2742849,1617394,4898650,5055467,"MI"
"546","Michigan",2017,9973114,3153923,2432008,2722853,1664330,4912208,5064544,"MI"
"547","Michigan",2018,9984072,3122091,2455853,2692772,1713356,4918489,5068797,"MI"
"548","Michigan",2019,9986857,3089456,2477786,2654214,1765401,4918052,5066743,"MI"
"549","Michigan",2020,10070627,3119577,2511470,2662570,1777010,4993128,5077499,"MI"
"550","Michigan",2021,10038117,3071397,2527292,2618196,1821232,4976399,5061718,"MI"
"551","Michigan",2022,10033281,3056021,2535456,2572014,1869790,4972145,5061136,"MI"
"552","Michigan",2023,10037261,3035018,2543363,2532128,1926752,4973541,5063720,"MI"
"553","Minnesota",2000,4933692,1763105,1496022,1079183,595382,2443070,2490622,"MN"
"554","Minnesota",2001,4982796,1777705,1486814,1119406,598871,2468647,2514149,"MN"
"555","Minnesota",2002,5018935,1785298,1471180,1159615,602842,2487730,2531205,"MN"
"556","Minnesota",2003,5053572,1792353,1453237,1199412,608570,2506573,2546999,"MN"
"557","Minnesota",2004,5087713,1795859,1438206,1239429,614219,2523676,2564037,"MN"
"558","Minnesota",2005,5119598,1795942,1423781,1280104,619771,2540052,2579546,"MN"
"559","Minnesota",2006,5163555,1800060,1412852,1320237,630406,2562604,2600951,"MN"
"560","Minnesota",2007,5207203,1797616,1411388,1355887,642312,2584652,2622551,"MN"
"561","Minnesota",2008,5247018,1796417,1405692,1386084,658825,2604346,2642672,"MN"
"562","Minnesota",2009,5281203,1792305,1399672,1416737,672489,2621245,2659958,"MN"
"563","Minnesota",2010,5310828,1786119,1396159,1442226,686324,2635642,2675292,"MN"
"564","Minnesota",2011,5346143,1785655,1399164,1462232,699092,2654473,2692147,"MN"
"565","Minnesota",2012,5376643,1783606,1402927,1462066,728044,2671273,2706227,"MN"
"566","Minnesota",2013,5413479,1786155,1409925,1464666,752733,2690446,2724276,"MN"
"567","Minnesota",2014,5451079,1791353,1415326,1466874,777526,2710495,2742170,"MN"
"568","Minnesota",2015,5482032,1792538,1419161,1468323,802010,2728020,2755982,"MN"
"569","Minnesota",2016,5522744,1798939,1427341,1466774,829690,2750016,2775344,"MN"
"570","Minnesota",2017,5566230,1801854,1447757,1458274,858345,2772763,2796520,"MN"
"571","Minnesota",2018,5606249,1802674,1469532,1445549,888494,2793439,2815323,"MN"
"572","Minnesota",2019,5639632,1801275,1488193,1429782,920382,2809390,2830663,"MN"
"573","Minnesota",2020,5710578,1828341,1511505,1439394,931338,2863249,2847329,"MN"
"574","Minnesota",2021,5717968,1819995,1517105,1421296,959572,2867302,2850666,"MN"
"575","Minnesota",2022,5714300,1805912,1516484,1401788,990116,2864174,2850126,"MN"
"576","Minnesota",2023,5737915,1807727,1519606,1387335,1023247,2875375,2862540,"MN"
"577","Mississippi",2000,2848353,1086847,805410,612078,344018,1375800,1472553,"MS"
"578","Mississippi",2001,2852994,1084661,794888,628883,344562,1379508,1473486,"MS"
"579","Mississippi",2002,2858681,1080404,785469,647408,345400,1383269,1475412,"MS"
"580","Mississippi",2003,2868312,1077868,777834,664683,347927,1388701,1479611,"MS"
"581","Mississippi",2004,2889010,1078975,775580,683135,351320,1398895,1490115,"MS"
"582","Mississippi",2005,2905943,1074209,774027,701508,356199,1407981,1497962,"MS"
"583","Mississippi",2006,2904978,1063066,767066,716649,358197,1408665,1496313,"MS"
"584","Mississippi",2007,2928350,1065455,768082,731857,362956,1421279,1507071,"MS"
"585","Mississippi",2008,2947806,1065569,767502,744419,370316,1430851,1516955,"MS"
"586","Mississippi",2009,2958774,1063297,764156,755353,375968,1436774,1522000,"MS"
"587","Mississippi",2010,2970548,1059356,762784,766281,382127,1443236,1527379,"MS"
"588","Mississippi",2011,2978731,1056989,761330,771831,388581,1447516,1531631,"MS"
"589","Mississippi",2012,2983816,1053936,760060,766647,403173,1450102,1534497,"MS"
"590","Mississippi",2013,2988711,1050812,759121,764312,414466,1452993,1536846,"MS"
"591","Mississippi",2014,2990468,1042550,759720,762026,426172,1453002,1538890,"MS"
"592","Mississippi",2015,2988471,1031352,758367,761174,437578,1450671,1539560,"MS"
"593","Mississippi",2016,2987938,1019227,758663,760867,449181,1450463,1540132,"MS"
"594","Mississippi",2017,2988510,1008430,759739,759329,461012,1451002,1539672,"MS"
"595","Mississippi",2018,2981020,993104,760028,754818,473070,1446874,1536005,"MS"
"596","Mississippi",2019,2976149,982004,759501,747951,486693,1443640,1534587,"MS"
"597","Mississippi",2020,2958409,982466,748204,741672,486067,1437984,1520425,"MS"
"598","Mississippi",2021,2949582,976245,746063,733075,494199,1432696,1516886,"MS"
"599","Mississippi",2022,2938928,968056,741548,724468,504856,1426196,1512732,"MS"
"600","Mississippi",2023,2939690,963357,740404,718267,517662,1425718,1513972,"MS"
"601","Missouri",2000,5607285,1967552,1623972,1259530,756231,2727498,2879787,"MO"
"602","Missouri",2001,5641142,1979197,1606777,1296984,758184,2745666,2895476,"MO"
"603","Missouri",2002,5674825,1988066,1590123,1337174,759462,2764349,2910476,"MO"
"604","Missouri",2003,5709403,1996641,1572464,1376928,763370,2782847,2926556,"MO"
"605","Missouri",2004,5747741,2004602,1560550,1415041,767548,2805056,2942685,"MO"
"606","Missouri",2005,5790300,2007916,1551228,1457220,773936,2827430,2962870,"MO"
"607","Missouri",2006,5842704,2012015,1547126,1498951,784612,2855141,2987563,"MO"
"608","Missouri",2007,5887612,2014771,1542309,1534187,796345,2880119,3007493,"MO"
"609","Missouri",2008,5923916,2015667,1532837,1563077,812335,2899079,3024837,"MO"
"610","Missouri",2009,5961088,2015027,1527653,1591432,826976,2919067,3042021,"MO"
"611","Missouri",2010,5995974,2013699,1525122,1615874,841279,2937213,3058876,"MO"
"612","Missouri",2011,6010275,2005782,1524815,1626870,852808,2945437,3065745,"MO"
"613","Missouri",2012,6024367,1999770,1523685,1617619,883293,2953531,3072496,"MO"
"614","Missouri",2013,6040715,1993920,1527008,1611801,907986,2963712,3079277,"MO"
"615","Missouri",2014,6056202,1985696,1531007,1606940,932559,2972346,3086784,"MO"
"616","Missouri",2015,6071732,1976286,1534969,1605091,955386,2981334,3094077,"MO"
"617","Missouri",2016,6087135,1963612,1540260,1602589,980674,2989883,3101501,"MO"
"618","Missouri",2017,6106670,1952317,1554360,1594071,1005922,3000001,3111381,"MO"
"619","Missouri",2018,6121623,1941763,1566585,1580437,1032838,3006980,3119006,"MO"
"620","Missouri",2019,6137428,1932089,1579626,1563676,1062037,3012629,3127846,"MO"
"621","Missouri",2020,6154426,1953173,1587661,1558854,1054738,3038925,3115501,"MO"
"622","Missouri",2021,6170393,1951085,1600375,1541472,1077461,3047003,3123390,"MO"
"623","Missouri",2022,6177168,1942950,1606285,1523126,1104807,3049534,3127634,"MO"
"624","Missouri",2023,6196156,1938505,1611893,1509143,1136615,3057592,3138564,"MO"
"625","Montana",2000,903773,316227,244578,221680,121288,450348,453425,"MT"
"626","Montana",2001,906961,316461,238899,229076,122525,452278,454683,"MT"
"627","Montana",2002,911667,316683,234222,236966,123796,454955,456712,"MT"
"628","Montana",2003,919630,318507,230567,245261,125295,459514,460116,"MT"
"629","Montana",2004,930009,319455,229675,253603,127276,465009,465000,"MT"
"630","Montana",2005,940102,320307,228195,262169,129431,470322,469780,"MT"
"631","Montana",2006,952692,321287,228548,270075,132782,477351,475341,"MT"
"632","Montana",2007,964706,320099,231371,277221,136015,483767,480939,"MT"
"633","Montana",2008,976415,320908,233215,281961,140331,489938,486477,"MT"
"634","Montana",2009,983982,319322,234399,286334,143927,493860,490122,"MT"
"635","Montana",2010,990697,318477,236034,288742,147444,497258,493472,"MT"
"636","Montana",2011,997316,320046,237427,289345,150498,500509,497009,"MT"
"637","Montana",2012,1003783,321303,239094,286012,157374,504199,499969,"MT"
"638","Montana",2013,1013569,324163,242514,283563,163329,509669,504489,"MT"
"639","Montana",2014,1021869,325658,245312,281314,169585,514297,508360,"MT"
"640","Montana",2015,1030475,326462,248723,279256,176034,519201,512294,"MT"
"641","Montana",2016,1040859,327642,252613,277470,183134,524720,517417,"MT"
"642","Montana",2017,1052482,328252,258978,274869,190383,530462,523400,"MT"
"643","Montana",2018,1060665,326892,263814,271585,198374,534397,527421,"MT"
"644","Montana",2019,1068778,326352,268181,267808,206437,538637,531486,"MT"
"645","Montana",2020,1087211,331953,275440,269721,210097,551158,536053,"MT"
"646","Montana",2021,1106366,335548,284211,269172,217435,560761,545605,"MT"
"647","Montana",2022,1122878,337806,291649,268899,224524,568821,554057,"MT"
"648","Montana",2023,1132812,337688,295477,267663,231984,573941,558871,"MT"
"649","Nebraska",2000,1713820,625518,486133,369739,232430,844840,868980,"NE"
"650","Nebraska",2001,1719836,627254,478968,381333,232281,848628,871208,"NE"
"651","Nebraska",2002,1728292,629976,473420,392697,232199,853489,874803,"NE"
"652","Nebraska",2003,1738643,633421,468695,404529,231998,859281,879362,"NE"
"653","Nebraska",2004,1749370,636661,464418,416161,232130,865386,883984,"NE"
"654","Nebraska",2005,1761497,638826,460291,428954,233426,872029,889468,"NE"
"655","Nebraska",2006,1772693,639064,458133,440260,235236,878006,894687,"NE"
"656","Nebraska",2007,1783440,637258,458373,450087,237722,883334,900106,"NE"
"657","Nebraska",2008,1796378,638409,459084,458137,240748,890564,905814,"NE"
"658","Nebraska",2009,1812683,639868,462372,466311,244132,899064,913619,"NE"
"659","Nebraska",2010,1829542,642255,466948,473033,247306,908128,921463,"NE"
"660","Nebraska",2011,1840672,644578,469569,477208,249317,914129,926785,"NE"
"661","Nebraska",2012,1853303,648119,472494,475326,257364,921143,932548,"NE"
"662","Nebraska",2013,1865279,651860,475873,474169,263377,928270,937543,"NE"
"663","Nebraska",2014,1879321,657325,478381,472798,270817,936181,943774,"NE"
"664","Nebraska",2015,1891277,661563,480098,471538,278078,943017,949042,"NE"
"665","Nebraska",2016,1905616,665568,484109,469699,286240,950744,955739,"NE"
"666","Nebraska",2017,1915947,665973,489353,466530,294091,956576,960422,"NE"
"667","Nebraska",2018,1925614,665964,494304,462469,302877,960937,964575,"NE"
"668","Nebraska",2019,1934408,665372,498477,458101,312458,964970,967601,"NE"
"669","Nebraska",2020,1963273,677875,507291,463749,314358,986783,976490,"NE"
"670","Nebraska",2021,1964253,674386,509641,458698,321528,987567,976686,"NE"
"671","Nebraska",2022,1968060,673987,510143,453763,330167,989129,978931,"NE"
"672","Nebraska",2023,1978379,675846,512213,450774,339546,994752,983627,"NE"
"673","Nevada",2000,2018741,698334,632738,466071,221598,1028426,990315,"NV"
"674","Nevada",2001,2098399,724940,648880,492786,231793,1067549,1030850,"NV"
"675","Nevada",2002,2173791,748323,663253,520577,241638,1104027,1069764,"NV"
"676","Nevada",2003,2248850,771498,677529,547060,252763,1140715,1108135,"NV"
"677","Nevada",2004,2346222,803071,701910,577519,263722,1189636,1156586,"NV"
"678","Nevada",2005,2432143,832013,724049,604338,271743,1233297,1198846,"NV"
"679","Nevada",2006,2522658,864017,747896,630330,280415,1278665,1243993,"NV"
"680","Nevada",2007,2601072,891643,765237,653436,290756,1317020,1284052,"NV"
"681","Nevada",2008,2653630,907308,774847,668457,303018,1343029,1310601,"NV"
"682","Nevada",2009,2684665,912698,774536,682208,315223,1357047,1327618,"NV"
"683","Nevada",2010,2702405,911915,769133,694238,327119,1364152,1338331,"NV"
"684","Nevada",2011,2712730,905745,765448,702108,339429,1367927,1345187,"NV"
"685","Nevada",2012,2743996,906176,769733,707123,360964,1383037,1361633,"NV"
"686","Nevada",2013,2775970,907381,774643,713559,380387,1397895,1379061,"NV"
"687","Nevada",2014,2817628,910623,783657,723307,400041,1417645,1401290,"NV"
"688","Nevada",2015,2866939,914977,796693,735431,419838,1441092,1427439,"NV"
"689","Nevada",2016,2917563,920922,810183,748096,438362,1465784,1453771,"NV"
"690","Nevada",2017,2969905,927547,826662,758835,456861,1491237,1480860,"NV"
"691","Nevada",2018,3027341,936468,845578,769360,475935,1520265,1510460,"NV"
"692","Nevada",2019,3080156,942859,863621,777704,495972,1549505,1541266,"NV"
"693","Nevada",2020,3115840,947035,872686,789498,506621,1570705,1545135,"NV"
"694","Nevada",2021,3146632,947008,884639,791398,523587,1585185,1561447,"NV"
"695","Nevada",2022,3177421,947484,897594,793531,538812,1599463,1577958,"NV"
"696","Nevada",2023,3194176,940340,904252,793875,555709,1607856,1586320,"NV"
"697","New Hampshire",2000,1239882,414195,380967,296339,148381,609771,630111,"NH"
"698","New Hampshire",2001,1255517,419594,378536,308111,149276,618105,637412,"NH"
"699","New Hampshire",2002,1269089,423885,373700,320877,150627,625409,643680,"NH"
"700","New Hampshire",2003,1279840,425880,368330,333289,152341,631327,648513,"NH"
"701","New Hampshire",2004,1290121,426703,361463,346086,155869,636276,653845,"NH"
"702","New Hampshire",2005,1298492,427507,355033,358253,157699,640560,657932,"NH"
"703","New Hampshire",2006,1308389,426569,348846,371101,161873,645616,662773,"NH"
"704","New Hampshire",2007,1312540,422844,342511,381106,166079,647553,664987,"NH"
"705","New Hampshire",2008,1315906,418844,335808,389896,171358,649330,666576,"NH"
"706","New Hampshire",2009,1316102,414234,328416,398183,175269,649227,666875,"NH"
"707","New Hampshire",2010,1316762,409469,322559,405340,179394,649559,667248,"NH"
"708","New Hampshire",2011,1320202,407143,318995,409719,184345,651509,668935,"NH"
"709","New Hampshire",2012,1324232,404100,316194,409402,194536,653766,670911,"NH"
"710","New Hampshire",2013,1326622,400854,314134,408162,203472,655460,671812,"NH"
"711","New Hampshire",2014,1333341,398556,314113,408415,212257,659684,674573,"NH"
"712","New Hampshire",2015,1336350,394942,313666,408485,219257,662017,675463,"NH"
"713","New Hampshire",2016,1342307,391822,315021,408325,227139,665369,678325,"NH"
"714","New Hampshire",2017,1348787,388089,319045,406041,235612,668725,681670,"NH"
"715","New Hampshire",2018,1353465,383109,323747,402318,244291,671576,683488,"NH"
"716","New Hampshire",2019,1359711,378944,329316,397587,253864,673969,686814,"NH"
"717","New Hampshire",2020,1378702,382514,337016,400157,259015,687418,691284,"NH"
"718","New Hampshire",2021,1387494,375862,346364,395979,269289,692425,695069,"NH"
"719","New Hampshire",2022,1399003,376276,352252,390044,280431,698238,700765,"NH"
"720","New Hampshire",2023,1402054,371884,355179,383465,291526,699693,702361,"NH"
"721","New Jersey",2000,8430621,2768365,2621571,1926315,1114370,4090509,4340112,"NJ"
"722","New Jersey",2001,8492671,2793212,2603347,1981258,1114854,4122739,4369932,"NJ"
"723","New Jersey",2002,8552643,2814828,2581946,2039995,1115874,4153842,4398801,"NJ"
"724","New Jersey",2003,8601402,2833988,2553301,2095563,1118550,4179438,4421964,"NJ"
"725","New Jersey",2004,8634561,2844551,2520242,2150468,1119300,4197597,4436964,"NJ"
"726","New Jersey",2005,8651974,2842433,2485042,2203846,1120653,4208429,4443545,"NJ"
"727","New Jersey",2006,8661679,2835584,2446589,2254930,1124576,4213580,4448099,"NJ"
"728","New Jersey",2007,8677885,2829561,2413538,2299267,1135519,4222737,4455148,"NJ"
"729","New Jersey",2008,8711090,2827436,2389516,2336233,1157905,4241189,4469901,"NJ"
"730","New Jersey",2009,8755602,2830147,2364261,2387573,1173621,4262096,4493506,"NJ"
"731","New Jersey",2010,8799446,2831027,2344286,2433582,1190551,4283789,4515662,"NJ"
"732","New Jersey",2011,8828117,2825454,2328999,2463426,1210238,4300909,4527643,"NJ"
"733","New Jersey",2012,8844942,2812812,2313217,2464701,1254212,4311083,4534588,"NJ"
"734","New Jersey",2013,8856972,2801085,2299058,2470264,1286565,4319443,4538378,"NJ"
"735","New Jersey",2014,8864525,2787725,2284721,2474611,1317468,4326008,4541269,"NJ"
"736","New Jersey",2015,8867949,2768860,2271736,2480030,1347323,4327879,4542433,"NJ"
"737","New Jersey",2016,8870827,2749180,2264293,2478363,1378991,4331875,4541709,"NJ"
"738","New Jersey",2017,8885525,2734603,2272217,2469230,1409475,4340610,4547537,"NJ"
"739","New Jersey",2018,8886025,2713371,2281791,2449180,1441683,4344196,4547534,"NJ"
"740","New Jersey",2019,8882190,2692212,2289971,2424472,1475535,4345560,4545698,"NJ"
"741","New Jersey",2020,9272392,2829625,2400743,2525477,1516547,4561877,4710515,"NJ"
"742","New Jersey",2021,9269175,2804934,2412042,2495695,1556504,4559871,4709304,"NJ"
"743","New Jersey",2022,9260817,2786427,2413631,2462152,1598607,4556145,4704672,"NJ"
"744","New Jersey",2023,9290841,2782547,2424122,2435828,1648344,4572312,4718529,"NJ"
"745","New Mexico",2000,1821204,686141,514911,406829,213323,895580,925624,"NM"
"746","New Mexico",2001,1831690,687897,506151,420243,217399,901303,930387,"NM"
"747","New Mexico",2002,1855309,693895,503680,436431,221303,913453,941856,"NM"
"748","New Mexico",2003,1877574,698020,501832,451798,225924,925271,952303,"NM"
"749","New Mexico",2004,1903808,703078,502867,467467,230396,939070,964738,"NM"
"750","New Mexico",2005,1932274,705540,505077,484638,237019,953754,978520,"NM"
"751","New Mexico",2006,1962137,707152,507378,503275,244332,968168,993969,"NM"
"752","New Mexico",2007,1990070,710640,509824,518833,250773,982148,1007922,"NM"
"753","New Mexico",2008,2010662,712943,508578,530767,258374,992084,1018578,"NM"
"754","New Mexico",2009,2036802,717880,511617,541088,266217,1005564,1031238,"NM"
"755","New Mexico",2010,2064552,723182,517353,549917,274100,1020318,1044296,"NM"
"756","New Mexico",2011,2080450,725473,521267,552029,281681,1028317,1052390,"NM"
"757","New Mexico",2012,2087309,724139,522937,545800,294433,1032898,1054817,"NM"
"758","New Mexico",2013,2092273,720932,525089,540326,305926,1036017,1056816,"NM"
"759","New Mexico",2014,2089568,713415,524381,534507,317265,1035069,1055167,"NM"
"760","New Mexico",2015,2089291,705219,525210,530036,328826,1034730,1055341,"NM"
"761","New Mexico",2016,2091630,697307,527777,526211,340335,1036039,1056516,"NM"
"762","New Mexico",2017,2091784,687808,530795,520535,352646,1036090,1056754,"NM"
"763","New Mexico",2018,2092741,678927,534244,514544,365026,1036336,1057418,"NM"
"764","New Mexico",2019,2096829,671713,538933,508577,377606,1038980,1060654,"NM"
"765","New Mexico",2020,2118488,673036,544002,513467,387983,1053759,1064729,"NM"
"766","New Mexico",2021,2116950,665522,546858,506635,397935,1052666,1064284,"NM"
"767","New Mexico",2022,2113476,658407,548128,499305,407636,1050544,1062932,"NM"
"768","New Mexico",2023,2114371,651742,550105,493973,418551,1051056,1063315,"NM"
"769","New York",2000,19001780,6458275,5823214,4266829,2453462,9159719,9842061,"NY"
"770","New York",2001,19082838,6474847,5775563,4369601,2462827,9204125,9878713,"NY"
"771","New York",2002,19137800,6469634,5719243,4476525,2472398,9234873,9902927,"NY"
"772","New York",2003,19175939,6456546,5659284,4579114,2480995,9258129,9917810,"NY"
"773","New York",2004,19171567,6422044,5583555,4677744,2488224,9258040,9913527,"NY"
"774","New York",2005,19132610,6370216,5492496,4775770,2494128,9245143,9887467,"NY"
"775","New York",2006,19104631,6326791,5417603,4868009,2492228,9233230,9871401,"NY"
"776","New York",2007,19132335,6309677,5357444,4947666,2517548,9250825,9881510,"NY"
"777","New York",2008,19212436,6308995,5324739,5019433,2559269,9293595,9918841,"NY"
"778","New York",2009,19307066,6311028,5290037,5113791,2592210,9340446,9966620,"NY"
"779","New York",2010,19399878,6303248,5269491,5198261,2628878,9389232,10010724,"NY"
"780","New York",2011,19499241,6287365,5280203,5259654,2672019,9443070,10056851,"NY"
"781","New York",2012,19572932,6254906,5293962,5256463,2767601,9485738,10088624,"NY"
"782","New York",2013,19624447,6211555,5307314,5260647,2844931,9515522,10110966,"NY"
"783","New York",2014,19651049,6155741,5310927,5260653,2923728,9530747,10122684,"NY"
"784","New York",2015,19654666,6085184,5308145,5262924,2998413,9536185,10121136,"NY"
"785","New York",2016,19633428,6011775,5302413,5245928,3073312,9531434,10104957,"NY"
"786","New York",2017,19589572,5939629,5296806,5204593,3148544,9513043,10080806,"NY"
"787","New York",2018,19530351,5865568,5299630,5143328,3221825,9490554,10053544,"NY"
"788","New York",2019,19453561,5790843,5297612,5068960,3296146,9451066,10012065,"NY"
"789","New York",2020,20104710,5984673,5490891,5252697,3376449,9818892,10285818,"NY"
"790","New York",2021,19854526,5877684,5369538,5148882,3458422,9696934,10157592,"NY"
"791","New York",2022,19673200,5776313,5312072,5045441,3539374,9605512,10067688,"NY"
"792","New York",2023,19571216,5701243,5281908,4953964,3634101,9555621,10015595,"NY"
"793","North Carolina",2000,8081614,2782185,2502030,1824912,972487,3962580,4119034,"NC"
"794","North Carolina",2001,8210122,2828499,2504293,1891054,986276,4022805,4187317,"NC"
"795","North Carolina",2002,8326201,2865697,2497029,1962292,1001183,4076022,4250179,"NC"
"796","North Carolina",2003,8422501,2883314,2486750,2033422,1019015,4108600,4313901,"NC"
"797","North Carolina",2004,8553152,2926658,2489901,2100051,1036542,4177082,4376070,"NC"
"798","North Carolina",2005,8705407,2974763,2494079,2177945,1058620,4248218,4457189,"NC"
"799","North Carolina",2006,8917270,3043303,2518651,2258491,1096825,4354118,4563152,"NC"
"800","North Carolina",2007,9118037,3102901,2544472,2341375,1129289,4440724,4677313,"NC"
"801","North Carolina",2008,9309449,3162744,2570907,2405101,1170697,4538073,4771376,"NC"
"802","North Carolina",2009,9449566,3203123,2573672,2466121,1206650,4603065,4846501,"NC"
"803","North Carolina",2010,9574323,3234748,2577428,2518938,1243209,4670182,4904404,"NC"
"804","North Carolina",2011,9657592,3242342,2576613,2560257,1278380,4706865,4952048,"NC"
"805","North Carolina",2012,9749476,3253260,2579425,2571657,1345134,4750629,5001181,"NC"
"806","North Carolina",2013,9843336,3261707,2588912,2590221,1402496,4795806,5050911,"NC"
"807","North Carolina",2014,9932887,3261688,2599047,2613253,1458899,4837572,5099723,"NC"
"808","North Carolina",2015,10031646,3263234,2609449,2646231,1512732,4887153,5150065,"NC"
"809","North Carolina",2016,10154788,3275514,2629058,2681078,1569138,4946760,5215042,"NC"
"810","North Carolina",2017,10268233,3279568,2656509,2704594,1627562,5000946,5274812,"NC"
"811","North Carolina",2018,10381615,3289090,2685733,2719343,1687449,5055337,5336021,"NC"
"812","North Carolina",2019,10488084,3291302,2719496,2726192,1751094,5107629,5393755,"NC"
"813","North Carolina",2020,10453812,3291783,2719322,2713147,1729560,5120661,5333151,"NC"
"814","North Carolina",2021,10567100,3320030,2753140,2714368,1779562,5170279,5396821,"NC"
"815","North Carolina",2022,10695965,3338066,2796222,2719751,1841926,5229648,5466317,"NC"
"816","North Carolina",2023,10835491,3358812,2841849,2726341,1908489,5296522,5538969,"NC"
"817","North Dakota",2000,642023,233846,174094,139498,94585,320468,321555,"ND"
"818","North Dakota",2001,639062,232572,168631,143614,94245,319275,319787,"ND"
"819","North Dakota",2002,638168,231926,164379,147872,93991,319151,319017,"ND"
"820","North Dakota",2003,638817,232161,160764,152124,93768,319921,318896,"ND"
"821","North Dakota",2004,644705,234177,159374,156845,94309,323697,321008,"ND"
"822","North Dakota",2005,646089,233391,157141,161601,93956,324546,321543,"ND"
"823","North Dakota",2006,649422,233323,156114,165603,94382,326839,322583,"ND"
"824","North Dakota",2007,652822,230221,158461,169412,94728,328756,324066,"ND"
"825","North Dakota",2008,657569,229769,159328,172687,95785,331438,326131,"ND"
"826","North Dakota",2009,664968,229681,162677,176038,96572,335294,329674,"ND"
"827","North Dakota",2010,674715,231664,166651,178754,97646,341099,333653,"ND"
"828","North Dakota",2011,685225,236201,170338,180215,98471,347360,338166,"ND"
"829","North Dakota",2012,701176,243675,176254,180477,100770,357189,345038,"ND"
"830","North Dakota",2013,722036,253169,184593,181690,102584,369328,353821,"ND"
"831","North Dakota",2014,737401,259500,191160,182107,104634,378606,360130,"ND"
"832","North Dakota",2015,754066,265351,199208,182505,107002,388132,367405,"ND"
"833","North Dakota",2016,754434,263615,200854,180250,109715,388106,368008,"ND"
"834","North Dakota",2017,754942,262181,202520,177078,113163,387723,369032,"ND"
"835","North Dakota",2018,758080,262372,204630,174515,116563,389111,370951,"ND"
"836","North Dakota",2019,762062,262993,207147,172077,119845,391046,372678,"ND"
"837","North Dakota",2020,779563,270861,211525,174179,122998,400801,378762,"ND"
"838","North Dakota",2021,777982,271231,210562,170652,125537,399472,378510,"ND"
"839","North Dakota",2022,778912,271013,210634,167942,129323,399672,379240,"ND"
"840","North Dakota",2023,783926,272300,212121,166189,133316,402088,381838,"ND"
"841","Ohio",2000,11363543,3949183,3313221,2591732,1509407,5518118,5845425,"OH"
"842","Ohio",2001,11387404,3957812,3259384,2660277,1509931,5533713,5853691,"OH"
"843","Ohio",2002,11407889,3956211,3204892,2735024,1511762,5548504,5859385,"OH"
"844","Ohio",2003,11434788,3951586,3156115,2808031,1519056,5566253,5868535,"OH"
"845","Ohio",2004,11452251,3935650,3115878,2878431,1522292,5577840,5874411,"OH"
"846","Ohio",2005,11463320,3909419,3078364,2948308,1527229,5586617,5876703,"OH"
"847","Ohio",2006,11481213,3888048,3037836,3014164,1541165,5598146,5883067,"OH"
"848","Ohio",2007,11500468,3871685,3000205,3067465,1561113,5609503,5890965,"OH"
"849","Ohio",2008,11515391,3858428,2959430,3108404,1589129,5618797,5896594,"OH"
"850","Ohio",2009,11528896,3846079,2916945,3158149,1607723,5626878,5902018,"OH"
"851","Ohio",2010,11539336,3825919,2885691,3201772,1625954,5634163,5905286,"OH"
"852","Ohio",2011,11544663,3805040,2870474,3224608,1644541,5639710,5906025,"OH"
"853","Ohio",2012,11548923,3785469,2858425,3201241,1703788,5646833,5904138,"OH"
"854","Ohio",2013,11576684,3773751,2865662,3185950,1751321,5665068,5914624,"OH"
"855","Ohio",2014,11602700,3753889,2874971,3173842,1799998,5680785,5925788,"OH"
"856","Ohio",2015,11617527,3727853,2881104,3165454,1843116,5691115,5931200,"OH"
"857","Ohio",2016,11634370,3701229,2888256,3154038,1890847,5702499,5937561,"OH"
"858","Ohio",2017,11659650,3682038,2907421,3130349,1939842,5716631,5949075,"OH"
"859","Ohio",2018,11676341,3658946,2930703,3095388,1991304,5724669,5956223,"OH"
"860","Ohio",2019,11689100,3638330,2952186,3052264,2046320,5733873,5962634,"OH"
"861","Ohio",2020,11798292,3684166,2994077,3062745,2057304,5820237,5978055,"OH"
"862","Ohio",2021,11765227,3640815,3012171,3012666,2099575,5803811,5961416,"OH"
"863","Ohio",2022,11759697,3631062,3021150,2959433,2148052,5799680,5960017,"OH"
"864","Ohio",2023,11785935,3623065,3036906,2917014,2208950,5812649,5973286,"OH"
"865","Oklahoma",2000,3454365,1250125,972426,775244,456570,1697872,1756493,"OK"
"866","Oklahoma",2001,3467100,1254832,960435,794572,457261,1707048,1760052,"OK"
"867","Oklahoma",2002,3489080,1262480,951788,817027,457785,1720000,1769080,"OK"
"868","Oklahoma",2003,3504892,1265977,940700,838235,459980,1727169,1777723,"OK"
"869","Oklahoma",2004,3525233,1268099,936143,857898,463093,1740562,1784671,"OK"
"870","Oklahoma",2005,3548597,1269006,933315,879507,466769,1752122,1796475,"OK"
"871","Oklahoma",2006,3594090,1276476,938630,903937,475047,1775397,1818693,"OK"
"872","Oklahoma",2007,3634349,1284258,945623,923107,481361,1797174,1837175,"OK"
"873","Oklahoma",2008,3668976,1289463,949236,940042,490235,1814205,1854771,"OK"
"874","Oklahoma",2009,3717572,1302560,959376,955985,499651,1839538,1878034,"OK"
"875","Oklahoma",2010,3759944,1313224,969262,968348,509110,1860337,1899677,"OK"
"876","Oklahoma",2011,3788379,1321654,977707,973279,515739,1874581,1914243,"OK"
"877","Oklahoma",2012,3818814,1331526,986699,966797,533792,1891054,1928266,"OK"
"878","Oklahoma",2013,3853214,1342504,998145,964978,547587,1909004,1944887,"OK"
"879","Oklahoma",2014,3878187,1346561,1007081,963409,561136,1921858,1957329,"OK"
"880","Oklahoma",2015,3909500,1351659,1018222,964988,574631,1937570,1972948,"OK"
"881","Oklahoma",2016,3926331,1347333,1025476,964388,589134,1946039,1982104,"OK"
"882","Oklahoma",2017,3931316,1338887,1029018,960016,603395,1948690,1984912,"OK"
"883","Oklahoma",2018,3940235,1334319,1033633,953763,618520,1953313,1990175,"OK"
"884","Oklahoma",2019,3956971,1333143,1041466,947230,635132,1961516,1999160,"OK"
"885","Oklahoma",2020,3965234,1347610,1045423,943122,629079,1976159,1989075,"OK"
"886","Oklahoma",2021,3991634,1354622,1057908,938363,640741,1988423,2003211,"OK"
"887","Oklahoma",2022,4019271,1359403,1069605,934606,655657,2000300,2018971,"OK"
"888","Oklahoma",2023,4053824,1364364,1082656,933166,673638,2016758,2037066,"OK"
"889","Oregon",2000,3429708,1177429,996147,817150,438982,1701061,1728647,"OR"
"890","Oregon",2001,3467937,1186020,992783,846701,442433,1720048,1747889,"OR"
"891","Oregon",2002,3513424,1195705,991822,877922,447975,1742298,1771126,"OR"
"892","Oregon",2003,3547376,1199604,987749,905880,454143,1758571,1788805,"OR"
"893","Oregon",2004,3569463,1195556,981831,930622,461454,1769086,1800377,"OR"
"894","Oregon",2005,3613202,1198771,985556,958793,470082,1789755,1823447,"OR"
"895","Oregon",2006,3670883,1207181,994743,987239,481720,1817766,1853117,"OR"
"896","Oregon",2007,3722417,1214847,1004706,1009562,493302,1843070,1879347,"OR"
"897","Oregon",2008,3768748,1222543,1012559,1025602,508044,1865213,1903535,"OR"
"898","Oregon",2009,3808600,1225805,1020615,1039440,522740,1885391,1923209,"OR"
"899","Oregon",2010,3837491,1225030,1024888,1050719,536854,1899123,1938491,"OR"
"900","Oregon",2011,3872036,1227866,1034410,1058926,550834,1915983,1956689,"OR"
"901","Oregon",2012,3899001,1226564,1041863,1052091,578483,1930147,1969955,"OR"
"902","Oregon",2013,3922468,1222459,1049006,1048602,602401,1942108,1982002,"OR"
"903","Oregon",2014,3963244,1224862,1061435,1049062,627885,1963056,2002391,"OR"
"904","Oregon",2015,4015792,1225820,1080963,1055041,653968,1990263,2028279,"OR"
"905","Oregon",2016,4089976,1233843,1112408,1062366,681359,2028093,2065178,"OR"
"906","Oregon",2017,4143625,1235679,1137469,1062140,708337,2055809,2091485,"OR"
"907","Oregon",2018,4181886,1233150,1155509,1055822,737405,2074151,2109387,"OR"
"908","Oregon",2019,4217737,1229584,1172996,1049077,766080,2090110,2126006,"OR"
"909","Oregon",2020,4245044,1233605,1185021,1055863,770555,2117618,2127426,"OR"
"910","Oregon",2021,4256465,1222622,1191746,1048923,793174,2122796,2133669,"OR"
"911","Oregon",2022,4239379,1204511,1187708,1036537,810623,2112489,2126890,"OR"
"912","Oregon",2023,4233358,1189598,1185826,1028660,829274,2108211,2125147,"OR"
"913","Pennsylvania",2000,12284173,4018478,3495003,2852524,1918168,5932174,6351999,"PA"
"914","Pennsylvania",2001,12298970,4027059,3435158,2927849,1908904,5944575,6354395,"PA"
"915","Pennsylvania",2002,12331031,4035286,3381750,3012266,1901729,5967199,6363832,"PA"
"916","Pennsylvania",2003,12374658,4043739,3336783,3096352,1897784,5996764,6377894,"PA"
"917","Pennsylvania",2004,12410722,4046372,3294544,3179667,1890139,6019973,6390749,"PA"
"918","Pennsylvania",2005,12449990,4043459,3257164,3262363,1887004,6044937,6405053,"PA"
"919","Pennsylvania",2006,12510809,4051205,3224924,3341731,1892949,6081497,6429312,"PA"
"920","Pennsylvania",2007,12563937,4054192,3197312,3407584,1904849,6111850,6452087,"PA"
"921","Pennsylvania",2008,12612285,4052881,3173801,3456191,1929412,6138990,6473295,"PA"
"922","Pennsylvania",2009,12666858,4057342,3146144,3516724,1946648,6169834,6497024,"PA"
"923","Pennsylvania",2010,12711160,4049021,3126308,3572986,1962845,6196088,6515318,"PA"
"924","Pennsylvania",2011,12745815,4034123,3125681,3607729,1978282,6218271,6528781,"PA"
"925","Pennsylvania",2012,12767118,4008639,3128332,3588890,2041257,6235679,6533444,"PA"
"926","Pennsylvania",2013,12776309,3976671,3135420,3576852,2087366,6246744,6532794,"PA"
"927","Pennsylvania",2014,12788313,3942350,3144540,3566680,2134743,6255623,6536769,"PA"
"928","Pennsylvania",2015,12784826,3901945,3148142,3557895,2176844,6258827,6531011,"PA"
"929","Pennsylvania",2016,12782275,3865075,3151070,3539700,2226430,6261453,6527015,"PA"
"930","Pennsylvania",2017,12787641,3833873,3168645,3506713,2278410,6266172,6528507,"PA"
"931","Pennsylvania",2018,12800922,3807630,3196393,3462000,2334899,6276611,6532496,"PA"
"932","Pennsylvania",2019,12801989,3776772,3222875,3408980,2393362,6272394,6526489,"PA"
"933","Pennsylvania",2020,12995477,3843271,3288278,3444370,2419558,6406955,6588522,"PA"
"934","Pennsylvania",2021,13013614,3852897,3307492,3382980,2470245,6414719,6598895,"PA"
"935","Pennsylvania",2022,12972091,3818272,3309685,3317374,2526760,6393930,6578161,"PA"
"936","Pennsylvania",2023,12961683,3793199,3312320,3260490,2595674,6389851,6571832,"PA"
"937","Rhode Island",2000,1050268,355232,310069,232537,152430,504494,545774,"RI"
"938","Rhode Island",2001,1057142,358286,306912,240500,151444,508168,548974,"RI"
"939","Rhode Island",2002,1065995,361446,304816,248906,150827,512905,553090,"RI"
"940","Rhode Island",2003,1071342,361478,302712,257104,150048,515752,555590,"RI"
"941","Rhode Island",2004,1074579,361401,299215,264260,149703,518204,556375,"RI"
"942","Rhode Island",2005,1067916,357527,292094,270022,148273,515084,552832,"RI"
"943","Rhode Island",2006,1063096,354136,284670,276174,148116,512962,550134,"RI"
"944","Rhode Island",2007,1057315,350745,277823,280929,147818,510456,546859,"RI"
"945","Rhode Island",2008,1055003,348208,272611,284482,149702,509591,545412,"RI"
"946","Rhode Island",2009,1053646,346264,266874,289388,151120,508882,544764,"RI"
"947","Rhode Island",2010,1053959,343966,263766,293806,152421,509276,544718,"RI"
"948","Rhode Island",2011,1053649,341566,262028,296263,153792,509738,544091,"RI"
"949","Rhode Island",2012,1054621,338459,261835,295245,159082,510708,544185,"RI"
"950","Rhode Island",2013,1055081,334085,262859,295221,162916,511425,544135,"RI"
"951","Rhode Island",2014,1055936,330265,264176,294935,166560,512440,544071,"RI"
"952","Rhode Island",2015,1056065,326554,265110,294792,169609,513263,543623,"RI"
"953","Rhode Island",2016,1056770,323154,266628,293511,173477,514154,543662,"RI"
"954","Rhode Island",2017,1055673,319564,267252,291404,177453,513670,542884,"RI"
"955","Rhode Island",2018,1058287,317122,270705,288530,181930,515433,543905,"RI"
"956","Rhode Island",2019,1059361,314046,273548,284721,187046,514961,543197,"RI"
"957","Rhode Island",2020,1096444,323502,285089,293796,194057,537362,559082,"RI"
"958","Rhode Island",2021,1097092,319430,289012,289120,199530,537727,559365,"RI"
"959","Rhode Island",2022,1093842,314819,290191,283485,205347,536381,557461,"RI"
"960","Rhode Island",2023,1095962,312649,292578,279187,211548,537459,558503,"RI"
"961","South Carolina",2000,4024223,1421822,1184456,930738,487207,1955596,2068627,"SC"
"962","South Carolina",2001,4064995,1434245,1175787,961028,493935,1975032,2089963,"SC"
"963","South Carolina",2002,4107795,1443503,1170078,993737,500477,1996726,2111069,"SC"
"964","South Carolina",2003,4150297,1450160,1165350,1026003,508784,2016330,2133967,"SC"
"965","South Carolina",2004,4210921,1464304,1168196,1058888,519533,2048616,2162305,"SC"
"966","South Carolina",2005,4270150,1473598,1169533,1093862,533157,2077805,2192345,"SC"
"967","South Carolina",2006,4357847,1490811,1179555,1132311,555170,2120192,2237655,"SC"
"968","South Carolina",2007,4444110,1515325,1186911,1168280,573594,2163318,2280792,"SC"
"969","South Carolina",2008,4528996,1536666,1196665,1198687,596978,2203949,2325047,"SC"
"970","South Carolina",2009,4589872,1551983,1195108,1225849,616932,2232842,2357030,"SC"
"971","South Carolina",2010,4635649,1556894,1193666,1247886,637203,2254916,2380930,"SC"
"972","South Carolina",2011,4671994,1557498,1191652,1264308,658536,2271355,2401300,"SC"
"973","South Carolina",2012,4717354,1561805,1195740,1264087,695722,2293405,2425622,"SC"
"974","South Carolina",2013,4764080,1563094,1204834,1268690,727462,2316061,2450408,"SC"
"975","South Carolina",2014,4823617,1565185,1219478,1278083,760871,2344514,2482344,"SC"
"976","South Carolina",2015,4891938,1567859,1236951,1292602,794526,2377801,2518205,"SC"
"977","South Carolina",2016,4957968,1568495,1252837,1306892,829744,2409206,2553825,"SC"
"978","South Carolina",2017,5021268,1571207,1268559,1317346,864156,2438728,2588374,"SC"
"979","South Carolina",2018,5084156,1574012,1285375,1325205,899564,2468034,2623668,"SC"
"980","South Carolina",2019,5148714,1578582,1303358,1329751,937023,2497998,2659704,"SC"
"981","South Carolina",2020,5132151,1584408,1296319,1321155,930269,2499324,2632827,"SC"
"982","South Carolina",2021,5193848,1595091,1314119,1324554,960084,2527583,2666265,"SC"
"983","South Carolina",2022,5282955,1614302,1337126,1333561,997966,2567997,2714958,"SC"
"984","South Carolina",2023,5373555,1631016,1360977,1343631,1037931,2611037,2762518,"SC"
"985","South Dakota",2000,755844,280690,205892,161066,108196,375163,380681,"SD"
"986","South Dakota",2001,757972,280511,202454,166882,108125,376435,381537,"SD"
"987","South Dakota",2002,760020,279907,199552,172550,108011,377692,382328,"SD"
"988","South Dakota",2003,763729,280452,196608,178438,108231,380096,383633,"SD"
"989","South Dakota",2004,770396,281577,195250,184815,108754,383719,386677,"SD"
"990","South Dakota",2005,775493,281141,194053,191095,109204,386472,389021,"SD"
"991","South Dakota",2006,783033,281760,193284,197396,110593,390613,392420,"SD"
"992","South Dakota",2007,791623,281291,194894,203389,112049,394973,396650,"SD"
"993","South Dakota",2008,799124,282080,195036,208133,113875,398888,400236,"SD"
"994","South Dakota",2009,807067,282995,196965,211764,115343,403869,403198,"SD"
"995","South Dakota",2010,816166,284998,199015,215345,116808,408445,407748,"SD"
"996","South Dakota",2011,823579,287019,201106,217750,117704,413432,410308,"SD"
"997","South Dakota",2012,833566,289731,204203,218757,120875,419196,414663,"SD"
"998","South Dakota",2013,842316,292387,206526,219060,124343,423958,418793,"SD"
"999","South Dakota",2014,849129,294155,208082,218566,128326,427747,421923,"SD"
"1000","South Dakota",2015,853988,295071,209070,217543,132304,430583,424080,"SD"
"1001","South Dakota",2016,862996,297690,211867,216870,136569,435481,428212,"SD"
"1002","South Dakota",2017,872868,299672,216529,215644,141023,440841,432891,"SD"
"1003","South Dakota",2018,878698,299576,218772,214091,146259,443549,435837,"SD"
"1004","South Dakota",2019,884659,299497,220928,212363,151871,447574,439553,"SD"
"1005","South Dakota",2020,887852,300316,222075,212028,153433,451082,436770,"SD"
"1006","South Dakota",2021,896299,302351,225330,210981,157637,455529,440770,"SD"
"1007","South Dakota",2022,909869,305449,229229,211830,163361,462379,447490,"SD"
"1008","South Dakota",2023,919318,307325,232072,211084,168837,467397,451921,"SD"
"1009","Tennessee",2000,5703719,1952259,1715304,1330776,705380,2777586,2926133,"TN"
"1010","Tennessee",2001,5750789,1970846,1699828,1367774,712341,2802368,2948421,"TN"
"1011","Tennessee",2002,5795918,1982599,1685039,1410743,717537,2824045,2971873,"TN"
"1012","Tennessee",2003,5847812,1994694,1675364,1450849,726905,2846829,3000983,"TN"
"1013","Tennessee",2004,5910809,2008915,1675964,1489245,736685,2882878,3027931,"TN"
"1014","Tennessee",2005,5991057,2026978,1679791,1532432,751856,2922618,3068439,"TN"
"1015","Tennessee",2006,6088766,2043075,1690961,1580370,774360,2967311,3121455,"TN"
"1016","Tennessee",2007,6175727,2067009,1697092,1618884,792742,3013447,3162280,"TN"
"1017","Tennessee",2008,6247411,2083546,1691716,1655153,816996,3044296,3203115,"TN"
"1018","Tennessee",2009,6306019,2096239,1684731,1687705,837344,3074250,3231769,"TN"
"1019","Tennessee",2010,6355311,2101938,1677469,1717577,858327,3097942,3257576,"TN"
"1020","Tennessee",2011,6399291,2106756,1677851,1737351,877333,3119282,3281016,"TN"
"1021","Tennessee",2012,6453898,2117944,1685054,1733803,917097,3147567,3308185,"TN"
"1022","Tennessee",2013,6494340,2121189,1690596,1732396,950159,3167856,3329087,"TN"
"1023","Tennessee",2014,6541223,2121682,1700242,1736327,982972,3192084,3352533,"TN"
"1024","Tennessee",2015,6591170,2119382,1711613,1747038,1013137,3216957,3378397,"TN"
"1025","Tennessee",2016,6646010,2116450,1726844,1758363,1044353,3244464,3406813,"TN"
"1026","Tennessee",2017,6708799,2118418,1750044,1765624,1074713,3276742,3438006,"TN"
"1027","Tennessee",2018,6771631,2122562,1773550,1768195,1107324,3307310,3470870,"TN"
"1028","Tennessee",2019,6829174,2122491,1797314,1765976,1143393,3331896,3498429,"TN"
"1029","Tennessee",2020,6926091,2172274,1826090,1783031,1144696,3401313,3524778,"TN"
"1030","Tennessee",2021,6963709,2170957,1844338,1776934,1171480,3415804,3547905,"TN"
"1031","Tennessee",2022,7048976,2191046,1874579,1778902,1204449,3457465,3591511,"TN"
"1032","Tennessee",2023,7126489,2205240,1899432,1779821,1241996,3495115,3631374,"TN"
"1033","Texas",2000,20944499,8120046,6495058,4248352,2081043,10399343,10545156,"TX"
"1034","Texas",2001,21319622,8263306,6529822,4419829,2106665,10588432,10731190,"TX"
"1035","Texas",2002,21690325,8400743,6552685,4603429,2133468,10775672,10914653,"TX"
"1036","Texas",2003,22030931,8519930,6556417,4784624,2169960,10934978,11095953,"TX"
"1037","Texas",2004,22394023,8628854,6589095,4966889,2209185,11115621,11278402,"TX"
"1038","Texas",2005,22778123,8725299,6634314,5160696,2257814,11307684,11470439,"TX"
"1039","Texas",2006,23359580,8910647,6742164,5377118,2329651,11588337,11771243,"TX"
"1040","Texas",2007,23831983,9043010,6835875,5565001,2388097,11821411,12010572,"TX"
"1041","Texas",2008,24309039,9187445,6921332,5736274,2463988,12059103,12249936,"TX"
"1042","Texas",2009,24801761,9341467,7007959,5909590,2542745,12301611,12500150,"TX"
"1043","Texas",2010,25241971,9461035,7096418,6063769,2620749,12520150,12721747,"TX"
"1044","Texas",2011,25645629,9560807,7198429,6184523,2701870,12719673,12925831,"TX"
"1045","Texas",2012,26084481,9673163,7320100,6252345,2838873,12942375,13141745,"TX"
"1046","Texas",2013,26480266,9770750,7430277,6321931,2957308,13142117,13337529,"TX"
"1047","Texas",2014,26964333,9895381,7575333,6413804,3079815,13385928,13577164,"TX"
"1048","Texas",2015,27470056,10010215,7730258,6526480,3203103,13642714,13825817,"TX"
"1049","Texas",2016,27914410,10086681,7865426,6632644,3329659,13865227,14048837,"TX"
"1050","Texas",2017,28295273,10134706,7989180,6713606,3457781,14052998,14238026,"TX"
"1051","Texas",2018,28628666,10165224,8098850,6772362,3592230,14215238,14409326,"TX"
"1052","Texas",2019,28995881,10213110,8219202,6829340,3734229,14394891,14591903,"TX"
"1053","Texas",2020,29234361,10270580,8269990,6918664,3775127,14594055,14640306,"TX"
"1054","Texas",2021,29561286,10324244,8388318,6960269,3888455,14752431,14808855,"TX"
"1055","Texas",2022,30029848,10428045,8553605,7015169,4033029,14979235,15050613,"TX"
"1056","Texas",2023,30503301,10527219,8709273,7078746,4188063,15216092,15287209,"TX"
"1057","Utah",2000,2244502,1041434,627787,384055,191226,1124675,1119827,"UT"
"1058","Utah",2001,2283715,1055332,633099,400917,194367,1144533,1139182,"UT"
"1059","Utah",2002,2324815,1067241,641229,418405,197940,1165962,1158853,"UT"
"1060","Utah",2003,2360137,1073860,650255,434459,201563,1184270,1175867,"UT"
"1061","Utah",2004,2401580,1080698,663806,451220,205856,1204831,1196749,"UT"
"1062","Utah",2005,2457719,1094613,679624,470710,212772,1232978,1224741,"UT"
"1063","Utah",2006,2525507,1112365,701224,491052,220866,1267516,1257991,"UT"
"1064","Utah",2007,2597746,1135513,726571,508772,226890,1305074,1292672,"UT"
"1065","Utah",2008,2663029,1156834,746850,524154,235191,1337398,1325631,"UT"
"1066","Utah",2009,2723421,1177227,765668,537132,243394,1367912,1355509,"UT"
"1067","Utah",2010,2775332,1192438,781612,550134,251148,1394146,1381267,"UT"
"1068","Utah",2011,2814384,1203709,791821,560643,258211,1414049,1400748,"UT"
"1069","Utah",2012,2853375,1215793,800765,566145,270672,1434801,1419345,"UT"
"1070","Utah",2013,2897640,1230229,812373,572874,282164,1457715,1441058,"UT"
"1071","Utah",2014,2936879,1237643,824361,580739,294136,1477790,1460537,"UT"
"1072","Utah",2015,2981835,1247205,837655,590696,306279,1501242,1482384,"UT"
"1073","Utah",2016,3041868,1260910,858898,602395,319665,1532337,1511904,"UT"
"1074","Utah",2017,3101042,1273741,880412,613177,333712,1562978,1540562,"UT"
"1075","Utah",2018,3153550,1283872,898476,622079,349123,1588994,1566159,"UT"
"1076","Utah",2019,3205958,1293263,915259,631564,365872,1613538,1589845,"UT"
"1077","Utah",2020,3283982,1322955,935714,652962,372351,1662923,1621059,"UT"
"1078","Utah",2021,3339284,1332092,953387,666595,387210,1690468,1648816,"UT"
"1079","Utah",2022,3381236,1333458,965602,680365,401811,1712827,1668409,"UT"
"1080","Utah",2023,3417734,1332986,973680,693932,417136,1731589,1686145,"UT"
"1081","Vermont",2000,609618,204347,175916,151661,77694,298769,310849,"VT"
"1082","Vermont",2001,612223,204885,172405,156828,78105,300444,311779,"VT"
"1083","Vermont",2002,615442,205031,169409,162285,78717,302483,312959,"VT"
"1084","Vermont",2003,617858,205301,165614,167530,79413,303652,314206,"VT"
"1085","Vermont",2004,619920,204987,161932,172742,80259,304840,315080,"VT"
"1086","Vermont",2005,621215,203843,158855,177331,81186,305793,315422,"VT"
"1087","Vermont",2006,622892,202297,155997,181711,82887,306602,316290,"VT"
"1088","Vermont",2007,623481,200054,153309,185432,84686,306943,316538,"VT"
"1089","Vermont",2008,624151,197716,151259,187934,87242,307429,316722,"VT"
"1090","Vermont",2009,624817,195581,149150,190771,89315,307689,317128,"VT"
"1091","Vermont",2010,625879,194006,147554,192773,91546,308263,317623,"VT"
"1092","Vermont",2011,627049,193189,146433,193575,93852,309249,317948,"VT"
"1093","Vermont",2012,626090,191443,144989,191537,98121,308870,317491,"VT"
"1094","Vermont",2013,626210,190248,144560,189429,101973,309197,317406,"VT"
"1095","Vermont",2014,625214,188883,143157,187535,105639,308771,316922,"VT"
"1096","Vermont",2015,625216,187993,142403,185651,109169,308980,316830,"VT"
"1097","Vermont",2016,623657,185858,141762,183157,112880,308324,316042,"VT"
"1098","Vermont",2017,624344,184244,142874,180422,116804,308694,316438,"VT"
"1099","Vermont",2018,624358,181916,144499,176934,121009,308449,316353,"VT"
"1100","Vermont",2019,623989,179845,145675,173430,125039,308308,315738,"VT"
"1101","Vermont",2020,642936,183324,152576,177302,129734,319764,323172,"VT"
"1102","Vermont",2021,647093,182118,155988,174554,134433,321586,325507,"VT"
"1103","Vermont",2022,647110,180021,157207,171117,138765,321328,325782,"VT"
"1104","Vermont",2023,647464,178151,158009,168181,143123,321436,326028,"VT"
"1105","Virginia",2000,7105817,2426924,2237682,1646015,795196,3486075,3619742,"VA"
"1106","Virginia",2001,7198362,2461377,2227441,1703405,806139,3532976,3665386,"VA"
"1107","Virginia",2002,7286873,2490498,2212969,1765752,817654,3573178,3713695,"VA"
"1108","Virginia",2003,7366977,2517569,2196616,1821887,830905,3609197,3757780,"VA"
"1109","Virginia",2004,7475575,2555728,2192025,1884311,843511,3661265,3814310,"VA"
"1110","Virginia",2005,7577105,2584168,2190025,1940882,862030,3713459,3863646,"VA"
"1111","Virginia",2006,7673725,2607888,2190642,1994888,880307,3765250,3908475,"VA"
"1112","Virginia",2007,7751000,2621472,2186905,2042232,900391,3803034,3947966,"VA"
"1113","Virginia",2008,7833496,2630951,2189453,2082718,930374,3844513,3988983,"VA"
"1114","Virginia",2009,7925937,2645013,2191638,2132365,956921,3888042,4037895,"VA"
"1115","Virginia",2010,8023699,2658701,2203579,2177841,983578,3938281,4085723,"VA"
"1116","Virginia",2011,8101155,2667829,2214975,2207712,1010639,3978735,4123702,"VA"
"1117","Virginia",2012,8185080,2678677,2232302,2212010,1062091,4022193,4165263,"VA"
"1118","Virginia",2013,8252427,2683808,2245101,2218119,1105399,4058106,4197755,"VA"
"1119","Virginia",2014,8310993,2684855,2254119,2224097,1147922,4089021,4226409,"VA"
"1120","Virginia",2015,8361808,2681502,2258180,2233170,1188956,4116448,4250855,"VA"
"1121","Virginia",2016,8410106,2678124,2261664,2239753,1230565,4141183,4276468,"VA"
"1122","Virginia",2017,8463587,2676649,2274775,2240089,1272074,4168480,4302531,"VA"
"1123","Virginia",2018,8501286,2668263,2288181,2230086,1314756,4187848,4323072,"VA"
"1124","Virginia",2019,8535519,2659045,2302877,2214691,1358906,4210784,4345858,"VA"
"1125","Virginia",2020,8637193,2704280,2329877,2232729,1370307,4270915,4366278,"VA"
"1126","Virginia",2021,8657348,2694590,2341394,2211888,1409476,4280743,4376605,"VA"
"1127","Virginia",2022,8679099,2686410,2350029,2191059,1451601,4288995,4390104,"VA"
"1128","Virginia",2023,8715698,2683153,2356854,2176812,1498879,4306001,4409697,"VA"
"1129","Washington",2000,5910512,2079646,1814246,1352848,663772,2942778,2967734,"WA"
"1130","Washington",2001,5985722,2103983,1805606,1406177,669956,2983642,3002080,"WA"
"1131","Washington",2002,6052349,2120122,1792653,1462124,677450,3015607,3036742,"WA"
"1132","Washington",2003,6104115,2128061,1774739,1514205,687110,3038376,3065739,"WA"
"1133","Washington",2004,6178645,2138468,1771863,1569307,699007,3070830,3107815,"WA"
"1134","Washington",2005,6257305,2145949,1774193,1623592,713571,3111909,3145396,"WA"
"1135","Washington",2006,6370753,2165924,1791998,1678880,733951,3170058,3200695,"WA"
"1136","Washington",2007,6461587,2178673,1803331,1726650,752933,3213787,3247800,"WA"
"1137","Washington",2008,6562231,2202711,1819408,1762619,777493,3269069,3293162,"WA"
"1138","Washington",2009,6667426,2226480,1835742,1798588,806616,3323506,3343920,"WA"
"1139","Washington",2010,6742830,2233322,1846434,1829296,833778,3358501,3384508,"WA"
"1140","Washington",2011,6826627,2248346,1868822,1850775,858684,3403013,3424466,"WA"
"1141","Washington",2012,6897058,2255141,1888261,1849125,904531,3439555,3459044,"WA"
"1142","Washington",2013,6963985,2259720,1907793,1852337,944135,3475313,3490939,"WA"
"1143","Washington",2014,7054655,2268688,1939655,1860654,985658,3524233,3533298,"WA"
"1144","Washington",2015,7163657,2275802,1981767,1877568,1028520,3580700,3586587,"WA"
"1145","Washington",2016,7294771,2291744,2037702,1892848,1072477,3649869,3650092,"WA"
"1146","Washington",2017,7423362,2307793,2099899,1899464,1116206,3715398,3712553,"WA"
"1147","Washington",2018,7523869,2315584,2153138,1892400,1162747,3766014,3760779,"WA"
"1148","Washington",2019,7614893,2321569,2200216,1883385,1209723,3811478,3802546,"WA"
"1149","Washington",2020,7724566,2357600,2247295,1899847,1219824,3891335,3833231,"WA"
"1150","Washington",2021,7741433,2323426,2270307,1885939,1261761,3900443,3840990,"WA"
"1151","Washington",2022,7784477,2321131,2295994,1867888,1299464,3919532,3864945,"WA"
"1152","Washington",2023,7812880,2303896,2316256,1854969,1337759,3934002,3878878,"WA"
"1153","West Virginia",2000,1807021,574070,498535,457356,277060,878752,928269,"WV"
"1154","West Virginia",2001,1801481,569716,487860,467002,276903,877838,923643,"WV"
"1155","West Virginia",2002,1805414,568169,481424,478293,277528,881573,923841,"WV"
"1156","West Virginia",2003,1812295,567382,476738,488950,279225,886460,925835,"WV"
"1157","West Virginia",2004,1816438,565523,472377,498597,279941,889411,927027,"WV"
"1158","West Virginia",2005,1820492,561361,469859,508011,281261,892802,927690,"WV"
"1159","West Virginia",2006,1827912,558841,468119,516847,284105,897307,930605,"WV"
"1160","West Virginia",2007,1834052,557286,465516,523775,287475,901369,932683,"WV"
"1161","West Virginia",2008,1840310,556380,463268,528748,291914,905399,934911,"WV"
"1162","West Virginia",2009,1847775,557059,460260,535507,294949,910341,937434,"WV"
"1163","West Virginia",2010,1854239,556537,457929,541618,298155,914317,939948,"WV"
"1164","West Virginia",2011,1856301,556937,455784,542442,301138,916121,940485,"WV"
"1165","West Virginia",2012,1856872,556842,453037,535217,311776,917241,940205,"WV"
"1166","West Virginia",2013,1853914,555219,449970,528492,320233,916456,938312,"WV"
"1167","West Virginia",2014,1849489,551865,447332,520991,329301,914282,936287,"WV"
"1168","West Virginia",2015,1842050,545024,444712,515223,337091,911507,931825,"WV"
"1169","West Virginia",2016,1831023,536590,440808,508515,345110,906410,926025,"WV"
"1170","West Virginia",2017,1817004,527732,435799,500713,352760,900185,918498,"WV"
"1171","West Virginia",2018,1804291,520403,431393,492391,360104,893934,912019,"WV"
"1172","West Virginia",2019,1792147,513353,427806,483977,367011,889160,906103,"WV"
"1173","West Virginia",2020,1791562,516904,428921,481229,364508,894778,896784,"WV"
"1174","West Virginia",2021,1785249,514111,428539,473000,369599,891597,893652,"WV"
"1175","West Virginia",2022,1774035,509808,425643,464651,373933,885601,888434,"WV"
"1176","West Virginia",2023,1770071,507517,424280,457595,380679,883633,886438,"WV"
"1177","Wisconsin",2000,5373999,1893295,1578869,1198488,703347,2654764,2719235,"WI"
"1178","Wisconsin",2001,5406835,1902046,1561327,1238557,704905,2673188,2733647,"WI"
"1179","Wisconsin",2002,5445162,1910530,1544764,1281357,708511,2693465,2751697,"WI"
"1180","Wisconsin",2003,5479203,1915849,1526655,1323561,713138,2712302,2766901,"WI"
"1181","Wisconsin",2004,5514026,1918114,1510765,1366856,718291,2731348,2782678,"WI"
"1182","Wisconsin",2005,5546166,1915404,1495134,1411604,724024,2749105,2797061,"WI"
"1183","Wisconsin",2006,5577655,1913372,1479447,1453878,730958,2765379,2812276,"WI"
"1184","Wisconsin",2007,5610775,1907464,1471698,1490745,740868,2782993,2827782,"WI"
"1185","Wisconsin",2008,5640996,1901284,1462682,1521168,755862,2798728,2842268,"WI"
"1186","Wisconsin",2009,5669264,1896174,1452804,1552350,767936,2813161,2856103,"WI"
"1187","Wisconsin",2010,5690475,1886767,1445127,1578389,780192,2824206,2866332,"WI"
"1188","Wisconsin",2011,5705288,1879600,1436604,1597955,791129,2832239,2873601,"WI"
"1189","Wisconsin",2012,5719960,1875215,1428023,1596466,820256,2840515,2880310,"WI"
"1190","Wisconsin",2013,5736754,1872110,1423474,1596658,844512,2849566,2888446,"WI"
"1191","Wisconsin",2014,5751525,1867607,1419403,1594139,870376,2858077,2895122,"WI"
"1192","Wisconsin",2015,5760940,1859877,1414596,1591379,895088,2864513,2898414,"WI"
"1193","Wisconsin",2016,5772628,1849973,1414290,1585673,922692,2871655,2903515,"WI"
"1194","Wisconsin",2017,5790186,1838711,1425720,1573493,952262,2881163,2911984,"WI"
"1195","Wisconsin",2018,5807406,1825752,1440982,1557412,983260,2890585,2918734,"WI"
"1196","Wisconsin",2019,5822434,1812667,1454297,1538227,1017243,2898849,2925732,"WI"
"1197","Wisconsin",2020,5896700,1841183,1473163,1549274,1033080,2953715,2942985,"WI"
"1198","Wisconsin",2021,5879978,1812841,1477720,1528992,1060425,2944249,2935729,"WI"
"1199","Wisconsin",2022,5890543,1807993,1481437,1508072,1093041,2949228,2941315,"WI"
"1200","Wisconsin",2023,5910955,1801528,1489160,1490465,1129802,2959516,2951439,"WI"
"1201","Wyoming",2000,494300,178913,138145,119358,57884,248716,245584,"WY"
"1202","Wyoming",2001,494657,178022,134483,123647,58505,249330,245327,"WY"
"1203","Wyoming",2002,500017,179441,132677,128760,59139,252232,247785,"WY"
"1204","Wyoming",2003,503453,179921,130128,133209,60195,254325,249128,"WY"
"1205","Wyoming",2004,509106,180942,129628,137360,61176,257600,251506,"WY"
"1206","Wyoming",2005,514157,180715,129772,141483,62187,260431,253726,"WY"
"1207","Wyoming",2006,522667,182117,131399,145841,63310,265306,257361,"WY"
"1208","Wyoming",2007,534876,185355,135001,149756,64764,272100,262776,"WY"
"1209","Wyoming",2008,546043,188490,138230,152645,66678,278061,267982,"WY"
"1210","Wyoming",2009,559851,192396,143309,155539,68607,285805,274046,"WY"
"1211","Wyoming",2010,564487,191823,144960,157156,70548,287806,276725,"WY"
"1212","Wyoming",2011,567299,191641,145993,157413,72252,289357,278134,"WY"
"1213","Wyoming",2012,576305,194147,149161,157207,75790,294466,282190,"WY"
"1214","Wyoming",2013,582122,196315,150776,156182,78849,297502,285118,"WY"
"1215","Wyoming",2014,582531,195634,151600,153341,81956,297755,285404,"WY"
"1216","Wyoming",2015,585613,195758,152933,151712,85210,299683,286706,"WY"
"1217","Wyoming",2016,584215,193492,152602,149767,88354,298952,286291,"WY"
"1218","Wyoming",2017,578931,189275,150863,146924,91869,295879,284115,"WY"
"1219","Wyoming",2018,577601,187153,150456,144467,95525,295124,283930,"WY"
"1220","Wyoming",2019,578759,186255,150718,142607,99179,295710,284406,"WY"
"1221","Wyoming",2020,577664,185367,150069,141489,100739,295854,281810,"WY"
"1222","Wyoming",2021,579548,184756,150483,139883,104426,296452,283096,"WY"
"1223","Wyoming",2022,581629,183845,150950,138764,108070,297814,283815,"WY"
"1224","Wyoming",2023,584057,182988,151176,138028,111865,299025,285032,"WY"
