state.name,state,"Jan
2004","Feb
2004","Mar
2004","Apr
2004","May
2004","Jun
2004","Jul
2004","Aug
2004","Sep
2004","Oct
2004","Nov
2004","Dec
2004","Jan
2005","Feb
2005","Mar
2005","Apr
2005","May
2005","Jun
2005","Jul
2005","Aug
2005","Sep
2005","Oct
2005","Nov
2005","Dec
2005","Jan
2006","Feb
2006","Mar
2006","Apr
2006","May
2006","Jun
2006","Jul
2006","Aug
2006","Sep
2006","Oct
2006","Nov
2006","Dec
2006","Jan
2007","Feb
2007","Mar
2007","Apr
2007","May
2007","Jun
2007","Jul
2007","Aug
2007","Sep
2007","Oct
2007","Nov
2007","Dec
2007","Jan
2008","Feb
2008","Mar
2008","Apr
2008","May
2008","Jun
2008","Jul
2008","Aug
2008","Sep
2008","Oct
2008","Nov
2008","Dec
2008","Jan
2009","Feb
2009","Mar
2009","Apr
2009","May
2009","Jun
2009","Jul
2009","Aug
2009","Sep
2009","Oct
2009","Nov
2009","Dec
2009","Jan
2010","Feb
2010","Mar
2010","Apr
2010","May
2010","Jun
2010","Jul
2010","Aug
2010","Sep
2010","Oct
2010","Nov
2010","Dec
2010","Jan
2011","Feb
2011","Mar
2011","Apr
2011","May
2011","Jun
2011","Jul
2011","Aug
2011","Sep
2011","Oct
2011","Nov
2011","Dec
2011","Jan
2012","Feb
2012","Mar
2012","Apr
2012","May
2012","Jun
2012","Jul
2012","Aug
2012","Sep
2012","Oct
2012","Nov
2012","Dec
2012","Jan
2013","Feb
2013","Mar
2013","Apr
2013","May
2013","Jun
2013","Jul
2013","Aug
2013","Sep
2013","Oct
2013","Nov
2013","Dec
2013","Jan
2014","Feb
2014","Mar
2014","Apr
2014","May
2014","Jun
2014","Jul
2014","Aug
2014","Sep
2014","Oct
2014","Nov
2014","Dec
2014","Jan
2015","Feb
2015","Mar
2015","Apr
2015","May
2015","Jun
2015","Jul
2015","Aug
2015","Sep
2015","Oct
2015","Nov
2015","Dec
2015","Jan
2016","Feb
2016","Mar
2016","Apr
2016","May
2016","Jun
2016","Jul
2016","Aug
2016","Sep
2016","Oct
2016","Nov
2016","Dec
2016","Jan
2017","Feb
2017","Mar
2017","Apr
2017","May
2017","Jun
2017","Jul
2017","Aug
2017","Sep
2017","Oct
2017","Nov
2017","Dec
2017","Jan
2018","Feb
2018","Mar
2018","Apr
2018","May
2018","Jun
2018","Jul
2018","Aug
2018","Sep
2018","Oct
2018","Nov
2018","Dec
2018","Jan
2019","Feb
2019","Mar
2019","Apr
2019","May
2019","Jun
2019","Jul
2019","Aug
2019","Sep
2019","Oct
2019","Nov
2019","Dec
2019","Jan
2020","Feb
2020","Mar
2020","Apr
2020","May
2020","Jun
2020","Jul
2020","Aug
2020","Sep
2020","Oct
2020","Nov
2020","Dec
2020","Jan
2021","Feb
2021","Mar
2021","Apr
2021","May
2021","Jun
2021","Jul
2021","Aug
2021","Sep
2021","Oct
2021","Nov
2021","Dec
2021","Jan
2022","Feb
2022","Mar
2022","Apr
2022","May
2022","Jun
2022","Jul
2022","Aug
2022","Sep
2022","Oct
2022","Nov
2022","Dec
2022","Jan
2023","Feb
2023","Mar
2023","Apr
2023","May
2023","Jun
2023","Jul
2023","Aug
2023","Sep
2023","Oct
2023","Nov
2023","Dec
2023","Jan
2024","Feb
2024","Mar
2024","Apr
2024","May
2024","Jun
2024","Jul
2024","Aug
2024","Sep
2024","Oct
2024","Nov
2024"
Alabama,AL,6.4,6.1,5.9,5.3,5.3,6,5.8,5.7,5.3,5.2,5.1,4.9,5.4,5.4,4.6,4.1,4,4.8,4.5,4.3,4.2,4.1,4,3.9,4.6,4.5,4.1,3.7,3.6,4.4,4.4,4.2,3.8,3.6,3.7,3.6,4.3,4.2,3.8,3.4,3.5,4.4,4.4,4.3,4.1,3.9,4.1,4.4,5.1,5,4.9,4.4,5.1,6.1,6.3,6.5,6.4,6.7,6.9,7.4,8.5,9,8.8,8.4,8.9,10,10.3,10.5,10.6,10.7,10.5,10.7,11.6,11.3,10.9,10.1,9.9,10.4,10.3,10.3,10,9.9,10.1,9.9,10.5,10.3,9.8,9.3,9.3,10.3,10,9.7,9.5,9,8.5,8.4,9,8.8,8.4,7.7,7.9,8.8,8.7,8.4,7.8,7.6,7.3,7.5,8.3,8,7.3,6.7,6.9,7.8,7.6,7.5,7.2,7.2,6.9,6.8,7.5,7.5,7.2,6.3,6.5,7.1,7.3,7.1,6.5,6.2,6.1,5.9,6.7,6.4,6,5.6,5.9,6.4,6.5,6.2,5.9,5.9,5.8,5.8,6.3,6.2,5.9,5.4,5.3,6.1,6,5.9,5.9,5.7,5.3,5.4,6,5.6,4.9,4.3,4.2,4.8,4.7,4.5,4,3.8,3.8,3.7,4.4,4.3,4,3.5,3.5,4.5,4.2,4.1,3.7,3.7,3.4,3.6,4.3,3.8,3.5,2.8,2.7,3.4,3.3,3.3,2.8,2.8,2.8,2.9,3.6,3.4,3.7,13.1,10.2,8.9,8,6.4,6,4.9,4.6,4.3,4.5,4.1,3.7,3.3,3.1,4,3.7,3.5,2.9,2.7,2.4,2.3,3.1,2.9,2.4,2,2.2,3,2.9,2.9,2.4,2.4,2.2,2,2.6,2.5,2.2,1.8,2,2.7,2.6,2.8,2.6,2.6,2.5,2.6,3.2,3.2,2.8,2.4,2.4,3.3,3.4,3.5,3.1,3.2,3.3
Alaska,AK,8.6,8.6,8.6,7.9,7.4,7.6,6.5,6.1,6.4,6.7,7.3,7.4,8,8.2,7.7,7.2,6.7,6.7,6.1,5.6,6.2,6.5,7.3,7.2,7.7,8,7.5,7.2,6.6,6.5,6,5.4,5.7,5.7,6.4,6.6,7.3,7.2,6.9,6.6,6.1,6.2,5.6,5.2,5.6,5.6,6.2,6.6,7.2,7.1,7.1,6.5,6.5,6.5,5.9,5.6,5.8,6.1,6.6,7,8.2,8.5,8.5,7.9,7.8,8,7.2,6.8,7.3,7.8,8,8.2,9.2,9.5,9.3,8.4,7.9,7.8,7.1,6.8,7,7.3,8,8.2,8.8,8.7,8.4,7.9,7.5,7.7,6.9,6.5,6.8,7,7.5,7.8,8.2,8.2,7.9,7.3,7.1,7.3,6.7,6.1,6.1,6.3,6.9,7.3,8.2,7.8,7.4,7,6.8,7.1,6.3,5.9,6.1,6.7,6.9,6.9,7.7,8,7.7,6.9,6.6,6.8,6.3,6,6,6,6.5,6.4,7.1,7.2,6.9,6.5,6.3,6.3,5.6,5.2,5.5,6,6.4,6.7,7.1,7.4,7.2,6.9,6.4,6.7,6.1,5.7,6.2,6.3,6.6,6.8,7.6,7.5,7.2,6.8,6.4,6.6,6.1,5.9,5.9,6,6.5,6.8,7.4,7.3,6.8,6.5,5.8,6.2,5.3,5,5.1,5.4,5.9,6.3,7.2,6.7,6.5,5.7,5.5,5.7,5.2,4.8,4.7,4.8,5.3,5.4,5.9,5.6,6.9,11.8,12,11.2,10.4,7.2,7.3,6.7,7.2,7.2,7.5,7.8,7.7,7.5,6.8,7,5.9,5.1,5.2,5.2,5.4,5.3,6.1,5.7,5,4.5,4.1,4.3,3.6,3,3.2,3.6,4.1,4,4.7,4.8,4.4,4,4,4.4,3.7,3.7,3.9,4.1,4.4,4.6,5.1,5.3,4.8,4.5,4.3,4.9,4.4,4.1,4,4.4,4.9
Arizona,AZ,5.6,5.2,5.1,5,4.9,5.4,5.3,5.1,4.9,4.6,4.4,4.1,4.6,4.5,4.5,4.5,4.5,4.9,5.1,4.9,4.9,4.6,4.5,4.2,4.5,4.2,4,4.1,4.1,4.7,5,4.6,4.3,4,3.9,3.7,4.1,3.7,3.4,3.4,3.2,3.7,4,3.8,3.7,3.7,3.8,4.1,4.4,4.1,4.2,4.2,5,5.8,6.4,6.8,6.7,6.8,7,7.5,8.4,8.6,8.9,8.8,9.3,10.2,10.6,10.5,10.5,10.4,10.1,10.2,10.9,10.7,10.4,10.1,10.2,10.6,10.9,10.7,10.3,10,10,9.6,10.2,9.7,9.3,9.1,9,10.4,10.3,9.9,9.5,9.3,8.6,8.6,8.9,8.6,8.2,7.9,8.3,8.9,9.3,8.8,8.2,8.1,7.7,7.9,8.4,7.9,7.6,7.5,7.7,8.5,8.5,8.3,7.9,7.7,7.1,7,7.2,7,6.9,6.2,6.7,7.2,7.5,7.3,6.8,6.6,6.4,6.1,6.5,6.1,5.8,5.9,6,6.5,6.8,6.5,6.1,6,5.7,5.5,5.6,5.4,5.3,5.4,5.3,5.9,6,5.8,5.6,5.4,5,5,5.3,5.1,4.8,4.7,4.8,5.3,5.4,5.3,4.9,4.6,4.6,4.6,5,4.8,4.5,4.5,4.4,5.2,5.2,5.1,4.8,4.7,4.6,4.9,5.3,4.8,4.7,4.5,4.7,5.2,5.4,5.1,4.6,4.6,4.4,4.3,4.7,4.5,5.3,13.2,11.2,10.2,9.9,8.1,7.5,6.6,6.3,6.3,6.4,6.2,5.7,5.6,5.5,6,5.4,4.9,4.3,3.8,3.4,3.1,3.8,3.6,3.3,3.4,3.6,4.2,4.2,4.3,3.9,3.8,3.5,3.3,3.5,3.5,3.4,3.3,3.7,4.1,4.2,4.2,3.9,3.8,3.4,3.2,3.4,3.3,3,2.9,3.3,4,4.3,4.2,3.8,3.8,3.7
Arkansas,AR,6.4,6.1,6,5.4,5.5,6,6,5.3,5.1,4.9,5,5.4,6,5.9,5.3,4.9,5.1,5.4,5.6,5.1,5.2,4.8,5,5,5.5,5.6,5.2,5.1,5.1,5.5,5.7,5.2,5,4.6,4.9,5.1,6,5.8,5.3,5.2,5.3,5.7,6,5.4,5.3,4.8,4.8,5.3,5.8,5.3,5,4.5,5,5.4,5.6,5.4,5.3,5.3,5.7,6.5,7.8,8,7.8,7.4,7.8,8.2,8.2,7.6,7.4,7.3,7.3,7.8,8.7,8.6,8.1,7.5,7.5,7.8,8.1,7.7,7.5,7.2,7.6,7.8,8.9,8.6,8,7.5,7.7,8.3,8.3,7.9,7.7,7.2,7.1,7.5,8.2,7.9,7.3,6.7,7.1,7.6,7.9,7.2,6.8,6.6,6.5,7.1,8.2,7.7,7.1,6.7,7,7.5,7.5,7,6.7,6.5,6.3,6.4,7,6.8,6.3,5.5,5.7,6,6.4,5.9,5.4,5,5.1,5.3,6.2,5.8,5.4,5,5.2,5.3,5.4,4.7,4.4,4,4,4.2,4.7,4.6,4.1,3.6,3.7,4.3,4.4,4,3.8,3.4,3.4,3.7,4.4,4.3,3.7,3.3,3.5,4,4.2,3.9,3.5,3.2,3.3,3.6,4.4,4.2,3.8,3.4,3.3,4,4,3.5,3.3,3.1,3.1,3.5,4.4,4,3.5,3,3.2,3.8,4.1,3.5,3.2,2.9,3,3.3,4,3.7,5.3,9.6,8.8,8.2,8.1,6.3,5.7,4.6,4.5,4.8,5.4,5.3,4.7,4.3,4.2,4.8,4.5,3.8,3.2,2.7,2.6,2.8,3.8,3.6,3.1,2.9,3,3.6,3.7,3.4,3,2.6,2.6,2.7,3.4,3.2,2.9,2.5,2.8,3.4,3.6,3.5,3.3,3,3,3.2,3.8,3.8,3.4,3,3.2,3.8,4,3.6,3.2,3.1,3.3
California,CA,7,6.7,7,6.3,6,6.4,6.5,6,5.7,5.7,5.8,5.6,6.2,6.1,5.8,5.3,5,5.4,5.5,5.2,5.1,5,5.2,4.9,5.3,5.3,5.1,4.8,4.5,4.9,5.2,4.9,4.6,4.4,4.7,4.7,5.5,5.3,5.2,5,4.7,5.3,5.6,5.4,5.4,5.3,5.5,5.8,6.4,6.2,6.5,6,6.4,7,7.6,7.8,7.7,8,8.4,9.1,10.5,10.9,11.2,10.8,11,11.7,12,11.9,11.8,11.9,11.9,12.1,13,12.8,12.8,12.1,11.8,12.2,12.6,12.4,12,11.9,12.3,12.1,12.6,12.3,12.1,11.5,11.3,12.1,12.2,11.9,11.5,11.3,11,11,11.4,11.2,11,10.3,10.1,10.7,10.9,10.5,9.7,9.7,9.5,9.7,10.4,9.8,9.4,8.8,8.6,9.4,9.4,9.1,8.6,8.6,8.3,8,8.5,8.4,8.3,7.3,7.2,7.5,8,7.7,7.1,7,7,6.7,7.3,6.9,6.7,6.2,6.2,6.3,6.5,6.1,5.7,5.7,5.7,5.6,6,5.8,5.8,5.4,4.9,5.7,5.8,5.7,5.4,5.4,5.1,5.2,5.7,5.4,5.1,4.7,4.4,4.9,5.2,5.1,4.5,4.3,4.3,4.3,4.8,4.6,4.5,4.1,3.7,4.4,4.4,4.4,4,4,4,4.2,4.9,4.4,4.5,3.8,3.6,4.2,4.4,4.2,3.7,3.8,3.8,3.9,4.5,4.3,6.3,15.7,15.6,13.9,13.6,11.8,9.9,8.8,8.7,8.9,9.1,8.8,8.5,8.3,7.6,8.2,7.7,7.3,6.3,5.9,5.4,5,5.6,5,4.5,4,3.7,4.2,4.1,4.2,3.8,4,4.1,4,4.7,4.8,4.7,4.1,4.3,4.7,4.8,5.1,4.8,4.9,4.8,4.9,5.4,5.4,5.2,4.8,4.7,5.4,5.9,5.9,5.2,5.3,5.4
Colorado,CO,6.3,6.1,6.1,5.5,5.3,5.7,5.6,5.3,5.1,5.2,5.4,5.4,5.6,5.8,5.6,5.3,5.1,5.2,5.1,4.7,4.7,4.5,4.8,4.6,4.9,4.6,4.5,4.4,4.3,4.5,4.5,4.2,3.8,3.6,3.7,3.6,4.2,3.9,3.6,3.3,3.3,3.7,3.7,3.6,3.6,3.5,3.8,4,4.6,4.6,4.6,4.2,4.5,4.9,5,4.9,4.7,5,5.2,5.7,7.2,7.8,8,8,8.1,8.5,8.3,7.9,7.7,7.8,7.8,8.5,9.5,9.6,9.7,9,8.9,9.1,9.1,9,8.7,8.9,9.3,9.2,9.5,9.4,9.1,8.5,8.9,8.7,8.6,8.5,8.3,8.2,8.2,8.3,8.8,8.9,8.6,8.1,8.1,8.4,8.2,7.8,7.2,7.2,7.1,7.2,7.9,7.8,7.2,6.7,6.8,7.2,6.9,6.5,6.2,6.2,6,5.6,6.3,6.4,6,5.5,5,5,4.9,4.6,4,4,4.1,3.9,4.5,4.5,4.2,3.8,3.9,3.9,3.7,3.4,3.1,3.1,3.2,3.2,3.5,3.7,3.5,3.2,3.1,3.4,3.3,3.1,2.8,2.7,2.6,2.5,3,2.9,2.3,2.2,2.3,2.7,2.7,2.7,2.5,2.6,2.7,2.7,3.1,3.3,3,2.8,2.8,3.3,3.4,3.2,2.9,2.9,2.9,3,3.3,3.1,2.8,2.4,2.4,2.7,2.7,2.6,2.4,2.5,2.5,2.6,3.1,3.3,3.9,10.9,11.8,11.3,6.8,6,6.2,5.9,6.1,6.4,6.6,6.3,6.2,6.1,5.8,6.3,5.8,5.4,4.8,4.7,4.1,3.9,4.2,4,3.4,2.9,2.8,3,3,2.9,2.6,2.8,2.9,2.7,3.2,3.4,3,2.7,3.1,3.6,3.4,3.5,3.3,3.4,3.5,3.7,4.1,4.2,3.8,3.7,3.9,4.4,4.6,4.6,4.3,4.4,4.7
Connecticut,CT,5.8,5.7,5.6,4.8,5.1,5.2,5.3,5,4.6,4.5,4.6,4.3,5.5,5.6,5.2,4.7,4.9,5,5.1,4.7,4.6,4.4,4.5,4.1,5,5.1,4.6,4.1,4.3,4.4,4.8,4.5,4.2,3.9,4.1,3.9,5,5,4.5,4.1,4.4,4.5,4.8,4.5,4.4,4.3,4.4,4.5,5.5,5.4,5.3,4.6,5.4,5.5,6,6,5.7,5.8,5.9,6.3,7.7,8.1,8,7.6,8,8.2,8.6,8.6,8.5,8.5,8.4,8.7,10.1,10.2,9.9,9.3,9.4,9.3,9.7,9.6,9.2,9.2,9.3,9.1,10.1,10,9.5,8.8,9.1,9.2,9.3,9.1,8.7,8.5,8,7.9,8.9,8.9,8.5,7.9,8.3,8.5,9,8.8,8.1,8.1,7.8,7.8,9,8.8,8.3,7.7,8.1,8.2,8.4,8,7.6,7.6,7,6.7,7.6,7.7,7.4,6.3,6.6,6.5,7.1,6.8,6.2,6,5.8,5.4,6.5,6.4,6,5.4,5.7,5.6,5.9,5.6,5.2,5.2,5,4.9,5.7,5.7,5.4,4.8,4.8,5,5.1,4.9,4.5,4.4,3.9,4,5.2,5.2,4.7,4.3,4.4,4.4,4.7,4.5,4,4,3.8,3.7,4.8,4.8,4.3,3.8,3.8,4,4.2,3.9,3.4,3.4,3,3.2,4.4,4.1,3.9,3.1,3.5,3.5,3.9,3.7,3.3,3.3,3.1,3.1,4.3,4.2,4.7,7.8,12.1,11.4,12.1,9.4,8.5,7.4,7,6.9,7.8,7.9,7.4,7,7,7.1,7,6.4,5.6,5.4,4.7,4.4,5.4,5.2,4.5,4,4.2,4.1,4.2,4,3.4,3.5,3.2,2.9,3.9,4,3.4,2.6,3.1,3.1,3.3,3.3,2.9,3.1,2.9,2.9,3.7,3.8,3.3,2.7,3.1,3,3.6,3.4,2.8,2.9,2.9
Delaware,DE,4.4,4.3,4.3,3.9,3.5,4.3,4.2,4.1,3.9,3.8,3.6,3.8,4.7,4.6,4.3,3.9,3.8,4.5,4.3,4.1,4,3.9,3.7,3.7,4.2,4.2,3.8,3.6,3.3,3.8,3.8,3.7,3.4,3.1,2.9,2.9,3.8,3.8,3.6,3.4,2.9,3.5,3.5,3.3,3.1,3.3,3.1,3.4,4.3,4.2,4.1,3.8,4,4.7,5,5.4,5.2,5.5,5.5,6.2,7.8,8.2,8.2,7.8,7.9,8.6,8.4,8.3,8.2,8.3,8,8.4,9.4,9.4,9,8.3,7.9,8.4,8.4,8.3,7.9,7.7,7.6,7.5,8.3,8.1,7.7,7.2,7,7.8,7.7,7.6,7.3,7.1,6.6,6.7,7.4,7.4,7.2,6.7,6.6,7.3,7.4,7.3,6.7,6.7,6.2,6.6,7.6,7.3,6.9,6.4,6.3,7,6.8,6.6,6.2,6.1,5.6,5.6,6.4,6.4,6.3,5.5,5.5,5.9,6,5.9,5.3,5.1,4.6,4.5,5.5,5.3,5,4.7,4.7,5.1,5.1,4.9,4.6,4.6,4.2,4.2,4.9,4.7,4.7,4.3,4.1,4.8,4.8,4.7,4.5,4.5,4,4.2,5.1,5,4.7,4.3,4.1,4.7,4.7,4.7,4.1,4,3.8,3.8,4.5,4.3,4.1,3.7,3.3,4.1,3.9,3.8,3.3,3.2,2.9,3.1,4.1,3.8,3.7,3.3,3.2,3.8,4,4,3.4,3.4,3.1,3.1,3.9,3.6,5.6,12.7,13.4,12.9,8,7.4,7.7,4.8,4.7,5.2,6.2,6.2,6.1,5.9,5.4,6.2,5.9,5.6,4.9,4.7,4.2,4,5.1,4.7,4.4,4.1,3.9,4.5,4.3,4.4,3.8,4,3.7,3.5,4.2,4.2,4,3.5,3.6,4.1,3.9,4.2,3.7,3.8,3.4,3.4,4,4,3.8,3.5,3.4,4.1,4.2,4.1,3.4,3.4,3.2
D.C.,DC,7.2,7.2,7.4,6.8,7.1,8.1,8.2,7.9,7.7,7.7,7.6,7.4,7.5,7.5,7,6.3,6.5,6.9,6.5,6.1,6.1,5.8,5.8,5.5,5.8,5.9,5.7,5.4,5.5,6.1,6.4,6.2,6,5.5,5.6,5.5,6,5.8,5.4,4.9,5.1,5.9,5.9,5.7,5.7,5.4,5.3,5.5,6.1,5.8,5.8,5.1,5.9,6.6,6.9,7,6.9,7,7.3,7.7,8.6,8.9,8.9,8.5,9.2,10,10,10.2,10.3,10.2,10,9.9,10.6,10.4,10,9.1,9.1,9.8,10,10,9.7,9.6,9.7,9.5,10.1,10,9.9,9.4,9.8,10.9,10.8,10.6,10.4,10,9.6,9.5,9.8,9.7,9.3,8.3,8.6,9.3,9.4,9.2,8.6,8.5,8.2,8.5,9.2,8.7,8.4,7.8,8.1,9,8.9,8.8,8.5,8.7,7.7,7.5,8,8.2,8,7,7.4,7.9,8.4,8.3,7.7,7.4,7.2,7.1,7.7,7.4,7,6.4,6.9,7.2,7.3,7.1,6.7,6.6,6.4,6.2,6.5,6.4,6.2,5.5,5.5,6.5,6.6,6.7,6.5,6.2,5.9,5.9,6.6,6.5,6.1,5.6,5.8,6.5,6.7,6.6,6.1,5.9,5.6,5.5,6.1,6,5.9,5.2,5.2,6.2,6.1,6,5.5,5.4,5.2,5.5,6.6,6,5.8,4.9,5.3,5.9,6,5.8,5.2,5.2,4.9,5,5.5,5.3,6.5,10.5,8.8,8.9,9.3,8.6,9,8.4,8.2,7.3,6.6,7,6.9,6.6,6.7,8,7.6,7.4,6.8,6.4,6.2,5.2,6.2,5.5,5.1,4.2,4.4,4.9,4.7,4.6,4.2,4.4,4.2,4.1,4.8,5,4.9,4,4.6,5.2,5.1,5.3,5,5,4.6,4.7,5.1,5.3,5,4.5,5,5.7,6,6,5.2,5.2,5
Florida,FL,5,4.6,4.7,4.4,4.4,5,4.9,4.7,4.6,4.5,4.4,4.1,4.3,4.1,3.8,3.7,3.6,4,3.9,3.7,3.7,3.4,3.5,3,3.3,3.2,3,3,3,3.5,3.7,3.5,3.5,3.3,3.4,3.2,3.7,3.4,3.4,3.4,3.5,4.1,4.4,4.3,4.4,4.4,4.5,4.6,5,4.9,5.1,5,5.6,6.3,6.8,7.1,7.1,7.3,7.5,7.8,8.8,9,9.2,9.1,9.9,10.7,10.9,10.9,11.1,11.1,11,11.1,11.7,11.4,11.3,11,10.9,11.2,11.6,11.5,11.3,11.1,11.3,10.8,11.1,10.6,10.4,10.1,10.1,10.6,10.6,10.3,10.1,9.7,9.4,9.1,9.3,9,8.8,8.4,8.6,9.1,9.2,8.9,8.4,8.3,8,7.9,8.4,7.8,7.5,7.2,7.4,7.9,7.9,7.7,7.5,7.4,7,6.6,6.9,6.8,6.8,6.2,6.4,6.6,6.9,6.7,6.4,6.1,6,5.6,6.1,5.7,5.5,5.3,5.6,5.7,5.9,5.6,5.4,5.3,5.2,4.9,5.1,4.8,4.8,4.7,4.6,5.1,5.2,5.1,5.1,5,4.7,4.5,4.9,4.5,4.3,4,4.1,4.4,4.5,4.5,4.2,4,4,3.8,4.1,3.8,3.7,3.5,3.4,3.9,3.9,3.8,3.5,3.5,3.4,3.3,3.7,3.3,3.3,3,3.1,3.5,3.6,3.5,3.2,3.1,3,2.7,3.1,2.8,4.3,12.9,14.2,11.8,12,8.7,8.1,6.8,6.3,6,5.9,5.4,5.2,5,4.8,5.3,5,4.7,4.3,3.9,3.7,3.2,3.7,3.3,3,2.8,2.8,3.2,3.1,3.1,2.9,3,2.9,2.5,2.9,2.7,2.7,2.5,2.8,3.1,3.1,3.3,3.2,3.2,3,2.9,3.2,3.1,3.1,2.9,3.1,3.6,3.8,3.8,3.5,3.5,3.5
Georgia,GA,4.7,4.4,4.4,4.1,4.5,5.2,5,5,4.8,5,5,5.1,5.4,5.6,5.3,5.1,5.3,5.7,5.5,5.3,5.3,5.1,5,4.8,5,5,4.6,4.5,4.7,5,5,4.8,4.5,4.4,4.3,4.3,4.7,4.4,4.2,4.1,4.3,4.8,4.8,4.7,4.6,4.6,4.5,5,5.4,5.3,5.4,5.1,5.8,6.3,6.5,6.8,7,7.4,7.5,8.2,9.1,9.5,9.5,9.1,9.7,10.5,10.4,10.4,10.2,10.4,10.1,10.4,11,10.7,10.5,9.9,10.1,10.5,10.5,10.6,10.2,10.2,10.4,10.3,10.6,10.3,10,9.6,9.9,10.6,10.3,10.4,10,9.8,9.3,9.5,9.7,9.5,9.2,8.7,9,9.5,9.4,9.3,8.5,8.6,8.2,8.6,9,8.6,8.2,7.8,8.2,8.8,8.5,8.2,7.8,7.9,7.3,7.3,7.6,7.5,7.5,6.7,7.3,7.6,7.7,7.6,6.8,6.7,6.4,6.3,6.7,6.4,6.2,5.8,6.3,6.4,6.3,6.1,5.7,5.8,5.5,5.6,5.8,5.6,5.5,5.1,5.2,5.8,5.6,5.7,5.4,5.4,5,5.2,5.5,5.2,5,4.6,4.8,5.1,4.9,5,4.4,4.4,4.2,4.2,4.5,4.3,4.2,3.7,3.8,4.4,4.1,4.1,3.6,3.8,3.5,3.8,4.3,3.8,3.8,3.2,3.6,3.9,3.8,3.9,3.2,3.3,3.1,3.3,3.8,3.5,4.2,11.9,10,8.7,8,6.9,6.4,5.4,5,5.1,5.1,4.6,4.4,4,4.1,4.5,3.9,4,3.3,3.3,3,2.8,3.5,3.2,3.1,2.6,3,3.5,3.2,3.6,3,3.3,3.1,3,3.4,3.4,3.3,2.7,3.3,3.6,3.3,3.7,3.2,3.4,3,3.1,3.4,3.4,3.4,3,3.5,3.9,3.9,4.1,3.4,3.6,3.5
Hawaii,HI,3.7,3.5,3.4,3.2,3,3.9,3.3,3.1,3.4,3.2,3.2,2.8,3,2.9,2.7,2.8,2.6,3.3,2.8,2.7,3.1,2.8,2.9,2.4,2.5,2.5,2.5,2.7,2.7,3.4,2.8,2.5,2.5,2.1,2.3,1.9,2.4,2.4,2.5,2.5,2.5,3.2,2.9,2.8,3.1,2.9,3,2.9,3.2,3.1,3.2,3.2,3.5,4.4,4.2,4.4,4.8,4.7,5,5.2,5.9,6.1,6.3,6.2,6.4,7.2,6.6,6.6,7,6.8,6.6,6.5,6.9,6.8,6.8,6.5,6.4,7.1,6.7,6.7,6.8,6.7,6.8,6.4,6.7,6.6,6.4,6.3,6.4,7.3,6.9,6.9,7.2,6.8,6.6,6.3,6.4,6.2,6.1,5.8,5.9,6.6,6,5.7,5.6,5.3,5.1,4.8,5.2,4.8,4.6,4.4,4.4,5.3,4.7,4.6,4.9,4.8,4.7,4.3,4.5,4.5,4.4,4.1,4.2,4.7,4.4,4.2,4.3,4,3.9,3.5,3.9,3.6,3.4,3.4,3.4,3.9,3.3,3.3,3.4,3.2,3.2,2.9,3,2.9,3,2.9,2.8,3.6,3,2.8,3,2.8,2.6,2.4,2.6,2.5,2.3,2.3,2.2,2.8,2.2,2.2,2.2,1.8,2,1.8,2.1,2,2.1,2.1,2,3,2.4,2.5,2.7,2.7,2.6,2.5,2.9,2.6,2.6,2.4,2.3,3.1,2.6,2.5,2.6,2.4,2.3,2,2.3,2,2.1,22.1,20.9,17.8,15.7,12.9,13.8,11.3,10.5,10,9.5,8.9,8.2,7.6,6.6,7,5.5,4.8,4.2,3.4,3.1,2.8,3.2,3.1,3,3.1,3.1,3.9,3.4,3.5,3.5,3.4,3.4,2.9,3,3,2.8,2.5,2.6,3.3,2.8,3,3.3,3.1,2.9,2.7,2.9,2.8,2.7,2.6,2.5,3.5,3.2,3.2,3.2,3.1,3.2
Idaho,ID,6.5,6.1,6.1,5,4.4,4.7,4.5,4.3,4.1,4.1,4.5,4.7,5.5,5.3,4.9,4.2,3.7,3.8,3.7,3.4,3.2,3.1,3.6,3.5,5,4.9,4.4,3.8,2.9,3.1,3,2.9,2.5,2.4,3,3.1,4.2,3.9,3.5,2.9,2.2,2.5,2.5,2.5,2.4,2.5,3,3.7,4.1,4,4,4.2,4.3,4.7,5,5.1,5.1,5.4,6.5,7.2,9.2,9.5,9.7,8.1,8.8,9.2,9,8.8,8.7,8.8,9.2,9.7,10.9,10.8,10.3,9.4,8.5,8.6,8.6,8.5,8.1,8.1,8.9,9,10.1,9.8,9.4,8.6,8,8.2,8.2,8,7.7,7.5,7.9,8.1,9,8.8,8.4,7.6,7.2,7.3,7.3,7.1,6.6,6.7,6.9,7.3,8.4,8,7.6,7,6.6,6.9,6.9,6.6,6.5,6.6,6.3,5.9,6.5,6.2,5.7,4.3,4.1,3.7,4,3.9,3.5,3.4,3.9,3.8,4.9,4.7,4.4,3.8,3.7,3.7,3.8,3.6,3.4,3.4,3.8,3.9,4.7,4.5,4.4,3.7,3.3,3.5,3.6,3.4,3.3,3.2,3.4,3.5,4.4,4.2,3.8,3.1,2.8,2.9,3,2.8,2.7,2.6,3,3,4,3.6,3.4,2.8,2.4,2.7,2.7,2.5,2.3,2.4,2.7,3,4,3.7,3.5,2.8,2.5,2.7,2.9,2.6,2.3,2.4,2.6,2.7,3.5,3.3,3.6,11.5,9.3,7.5,6.6,4.8,4.5,3.7,4,4.2,4.9,5,4.6,3.9,3.4,3.7,3.5,3.3,2.8,2.6,2.8,2.7,3.6,3.5,3.2,2.7,2.5,2.8,2.8,2.9,2.5,2.6,2.8,2.8,3.6,3.6,3.5,2.9,3,3,3.2,3.2,3,3,3.2,3.3,4,4.2,4,3.4,3.3,3.6,3.8,3.6,3.3,3.4,3.7
Illinois,IL,7.1,6.7,6.7,6.1,6,6.5,6.3,6.1,5.7,5.8,5.8,5.7,6.4,6.6,6.1,5.9,5.7,6.2,5.9,5.5,5.3,5,5,5.1,5.6,5.5,5.1,4.7,4.3,4.8,4.8,4.5,4.1,3.8,3.9,4.2,5.3,5.2,4.7,4.8,4.6,5.4,5.4,5.2,5,4.9,5,5.5,6.3,6,5.9,5.5,6.1,6.9,6.9,6.9,6.5,6.6,6.7,7.4,8.9,9.4,9.5,9.3,9.6,10.3,10.3,10.2,10.3,10.5,10.4,10.9,12.1,11.8,11.5,10.6,10.1,10.6,10.5,10.1,9.6,9.3,9.5,9.4,10.2,10,9.7,9.3,9.4,10.3,10.3,10.2,9.9,9.6,9.2,9.3,9.8,9.6,9.2,8.6,8.6,9.4,9.4,9.1,8.5,8.6,8.4,8.9,10.2,9.9,9.2,8.8,8.8,9.7,9.4,9.1,8.7,8.7,8.4,8.3,8.8,8.8,8.2,7.1,7,7.2,7.2,6.9,6.4,6.2,6,5.9,6.8,6.5,6.2,5.6,5.8,6.2,6.2,5.8,5.5,5.7,5.9,6,6.8,6.6,6.4,5.9,5.5,6,5.8,5.8,5.7,5.6,5.1,5.3,6.1,5.5,5,4.6,4.5,5.2,5.1,5.2,4.7,4.6,4.5,4.5,5.1,4.9,4.4,3.9,3.8,4.8,4.5,4.4,4.1,4.2,4.1,4.4,5.3,4.8,4.5,3.9,3.6,4.1,4.2,3.9,3.5,3.5,3.2,3.3,4,3.8,5.6,17.9,14.7,12.9,11.9,9.6,9,7.4,7.3,7.7,7.8,7.3,6.7,6.4,6.2,7.2,6.6,6.1,5.2,4.9,4.4,4.2,5.3,5,4.7,4.4,4.4,5,4.8,4.9,4.4,4.3,4.2,4,4.7,4.7,4.4,3.8,4,4.8,4.7,5.1,4.7,4.5,4.2,4.3,5.2,5.3,5,4.6,4.8,5.7,5.7,5.3,4.7,4.7,4.5
Indiana,IN,6,6.1,6.1,5.1,5.1,5.4,5.4,5.2,4.9,5.1,5.3,5.3,6.2,6.4,6,5.2,5,5.4,5.4,5.2,5,5,5.2,5,5.4,5.7,5.4,4.8,4.9,5.2,5.4,5,4.5,4.4,4.7,4.5,5.4,5.3,4.9,4.4,4.3,4.6,4.7,4.5,4.2,4.3,4.5,4.6,5.3,5.4,5.6,4.7,5.3,5.7,6.1,6,5.8,6.1,6.9,7.8,9.8,10.4,10.8,10,10.4,10.7,10.5,10,9.7,9.9,10,10.2,11.2,11.4,11.2,10,9.9,10,10,9.7,9.2,9.1,9.4,9,9.7,9.6,9.2,8.3,8.6,9,9.2,9,8.7,8.7,8.6,8.4,9,9,8.6,7.6,7.9,8.3,8.5,8.1,7.6,7.7,7.9,8.1,9.2,8.8,8.3,7.3,7.6,7.9,7.7,7.1,6.7,6.8,6.7,6.1,6.8,7,6.7,5.5,5.9,6,6.2,5.7,5.3,5.4,5.6,5.3,6.1,5.8,5.4,4.3,4.8,4.8,4.9,4.4,4.1,4.3,4.5,4.4,5.1,5.2,5.1,4.2,4.1,4.5,4.5,4.3,3.9,3.8,3.9,3.8,4.6,4.4,3.8,2.9,3.2,3.5,3.8,3.6,3.2,3.1,3.2,3,3.9,3.9,3.6,3,3.2,3.7,3.7,3.4,2.9,3.3,3.3,3.2,4.2,4,3.8,2.8,3,3.4,3.6,3.2,2.8,3,3.1,2.9,3.8,3.7,4.5,16.5,12.8,10.3,9.3,6.8,6,5.2,5,4.6,5.2,5,4.8,4,4.1,4.5,4.1,3.6,3.2,2.9,2.8,2.5,3.4,3.5,3.3,2.5,2.9,3.3,3.5,3.2,2.6,3,3.1,2.7,3.7,3.8,3.7,2.8,3.4,3.6,3.7,3.6,3.2,3.3,3.4,3.2,4.1,4.4,4.3,3.6,4,4.4,4.9,4.4,4,4,4.3
Iowa,IA,5.3,4.9,4.9,4,4.1,4.6,4.4,4.4,4.3,4.2,4.3,4.6,5.5,5.2,4.8,4,4,4.3,4.1,3.9,3.9,3.7,3.9,4.4,4.6,4.4,3.9,3.4,3.2,3.6,3.6,3.6,3.4,3.2,3.3,3.8,4.6,4.4,4,3.6,3.3,3.7,3.5,3.5,3.4,3.3,3.3,3.9,4.5,4.2,4.1,3.6,3.6,4,4.1,4.2,3.9,3.9,4.2,5.2,6.9,6.9,7.1,6.2,6.3,6.8,6.7,6.5,5.9,6.1,5.9,6.6,7.5,7.2,7,5.8,5.6,5.9,5.9,5.9,5.5,5.3,5.5,5.9,6.9,6.4,6.1,5.2,5.2,5.7,5.6,5.6,5.2,5,4.9,5.4,6.1,5.9,5.4,4.6,4.7,5.1,5.2,5,4.4,4.5,4.4,5,6.1,5.5,5.2,4.5,4.4,4.9,4.8,4.6,4.2,4.2,4.1,4.4,5.4,5.1,4.9,3.9,4,4.2,4.4,4.3,3.8,3.6,3.6,4,4.8,4.3,4.1,3.3,3.5,3.7,3.8,3.6,3.3,3.3,3.3,3.7,4.5,4.1,3.9,3.2,3.3,3.8,3.8,3.7,3.3,3.1,3,3.4,4.4,3.7,3.4,2.8,2.9,3.1,3.2,3.2,2.7,2.4,2.5,2.8,3.7,3.2,3,2.4,2.2,2.6,2.6,2.5,2.1,2,2,2.6,3.5,3,3.1,2.2,2.4,2.8,2.9,2.7,2.2,2.3,2.3,2.6,3.4,2.9,3.4,10.7,8.5,7,6,4.8,4.2,3.5,3.8,4.2,5.2,4.8,4.5,4,4.2,4.6,4.1,3.8,3,2.9,2.7,2.7,3.7,3,2.8,2.1,2.4,2.8,3.1,3.2,2.6,2.8,2.8,2.9,3.7,3.3,3.1,2.3,2.8,3,3.1,3.2,2.7,2.8,2.5,2.6,3.5,3.1,2.8,2.2,2.7,3.1,3.5,3.4,2.9,3.1,3.1
Kansas,KS,6.1,5.8,5.9,5.3,5.3,5.7,5.8,5.5,5.3,5.2,5.1,4.9,5.7,5.8,5.5,5,5,5.2,5.3,4.8,4.8,4.7,4.8,4.2,4.9,5,4.7,4.3,4.1,4.5,4.9,4.5,4.1,4,4,3.9,4.7,4.6,4.3,4,4.1,4.4,4.6,4.3,4.2,4,3.9,4.1,4.6,4.3,4.4,3.7,4.2,4.4,4.9,4.8,4.7,4.7,4.8,5.1,6.4,6.7,6.9,6.5,7.1,7.5,7.9,7.6,7.3,7.1,6.9,6.9,7.7,7.6,7.4,6.8,6.7,6.8,7.2,7,6.7,6.6,6.6,6.4,7.1,6.9,6.7,6.1,6.2,6.5,6.8,6.6,6.2,6,5.6,5.6,6.1,6.2,6,5.4,5.5,5.9,6.3,5.9,5.2,5.3,5,5.2,6.1,5.9,5.6,5.1,5.4,5.7,5.9,5.5,4.9,4.8,4.4,4.4,5,5.2,5,4.2,4.5,4.8,5.2,4.7,4.2,3.9,3.9,3.8,4.6,4.6,4.5,4.2,4.4,4.4,4.7,4.2,3.7,3.7,3.5,3.6,4.1,4.2,4.1,3.8,3.8,4.4,4.7,4.4,4,4,3.6,3.6,4.1,4.1,3.8,3.5,3.6,3.8,4.2,4,3.3,3.1,3.1,3.1,3.6,3.8,3.6,3.1,3.1,3.6,3.8,3.5,2.9,3,2.7,3,3.7,3.5,3.4,2.8,3,3.3,3.8,3.4,2.8,2.9,2.7,2.7,3.2,3.2,3.6,11.8,9.3,7.5,7.3,5.9,5.3,4.6,4.2,4.1,4.3,4,3.7,3.4,3.4,4.1,4.1,3.6,2.9,2.8,2.2,2,2.8,2.8,2.7,2.3,2.5,2.9,3.3,3.2,2.6,2.8,2.5,2.4,3,3.2,3,2.6,2.8,3,3.2,3.2,2.8,3,2.3,2.4,3.1,3.6,3.4,3.1,3.4,3.9,4.4,4.1,3.4,3.7,3.5
Kentucky,KY,6.3,6.4,6.4,5.4,5.5,6,5.8,5,4.8,4.7,4.8,5,6.1,6.5,6.2,5.5,5.7,6.2,6.1,5.4,5.6,5.5,5.7,5.8,6.5,6.7,6.3,5.7,5.6,6,6.1,5.4,5.3,5,5.1,5,6.2,6.3,5.8,5.1,5.1,5.6,5.6,5,5,4.8,4.7,5.3,5.9,6,6.2,5.4,5.9,6.5,6.7,6.6,6.6,6.7,7.1,8.2,10.2,10.8,11,10.2,10.8,11.4,11.2,10.6,10.4,10.3,10.1,10.4,11.7,11.9,11.3,10.2,10.1,10.3,10.3,9.8,9.6,9.4,9.6,9.5,10.6,10.4,9.9,9.1,9.3,9.8,9.9,9.1,9.1,8.6,8.3,8.4,9.1,9.1,8.7,7.7,8,8.6,8.7,8.1,7.7,7.6,7.4,7.8,8.8,8.6,8.4,7.5,7.9,8.6,8.4,7.6,7.6,7.6,7.2,7,7.9,8.2,7.8,6.4,6.6,6.8,6.8,5.9,5.5,5.1,5.2,5,6,5.8,5.8,4.9,5.2,5.5,5.7,4.9,4.8,4.7,4.8,4.9,5.7,5.7,5.6,4.7,4.8,5.4,5.3,4.8,4.8,4.7,4.4,4.7,5.7,5.7,5.3,4.6,4.7,5.3,5.3,4.6,4.2,4,3.8,3.9,4.7,4.8,4.6,3.9,4,4.7,4.6,3.9,4,3.8,3.5,3.8,4.7,4.7,4.7,3.8,4,4.6,4.6,3.9,3.6,3.6,3.5,3.6,4.5,4.4,5.2,16.1,12.9,5.8,6.1,4.9,4.8,4.2,4.1,4.6,5.2,5.1,4.9,4.2,4.2,5.4,5,4.2,4.1,3.9,3.7,3.6,4.6,4.4,4.4,3.5,3.9,4.5,4.5,4,3.7,3.8,3.7,3.6,4.5,4.7,4.3,3.6,4.1,4.7,4.6,4.3,4.2,4.1,4.1,4.2,5,5.4,5.1,4.4,4.6,5.4,5.8,5.3,4.9,5,5
Louisiana,LA,6.4,5.5,5.6,5.3,5.6,6.6,6.1,5.5,5.5,5.4,5.4,5.3,6,5.5,5.2,4.9,5.3,6.2,5.8,5.4,11.6,11.5,11.5,6.1,5,4,4,3.8,4.1,4.8,4.2,4.1,4.1,3.9,3.9,3.7,4.5,3.9,3.8,3.8,4.2,4.8,4.5,4.2,4.1,3.6,3.6,3.9,4.5,3.8,4,3.6,4.1,5.1,5,5,5.3,5.1,5,5.3,6.4,6.1,6.3,6.2,6.6,7.7,7.4,7.1,6.9,6.6,6.3,6.6,7.6,6.9,6.9,6.7,7.2,8.1,7.9,7.9,7.7,7.5,7.5,7.3,8.1,7.4,7.3,6.9,7.2,8.1,7.8,7.5,7.4,7.1,6.7,6.6,7.4,6.9,6.7,6.3,6.8,7.7,7.4,6.9,6.4,6.1,5.7,6.1,7.3,6.5,6.4,6.2,6.6,7.5,7,6.6,6.3,6,5.5,5.1,5.7,5.4,5.5,5.2,6,6.7,7.1,7,6.8,6.5,6.6,6.2,7,6.4,6.3,6.1,6.5,6.9,6.7,6.2,6.1,5.9,5.6,5.3,6.2,5.8,5.9,5.7,5.8,6.9,6.7,6.4,6.4,5.8,5.5,5.4,6.1,5.5,5.2,5.1,5.1,5.7,5.6,5.4,5,4.4,4.3,4.2,4.8,4.5,4.6,4.5,4.7,6,5.6,5.2,4.8,4.6,4.3,4.4,5.1,4.3,4.1,3.8,4.3,5.4,5.3,5,4.7,4.7,4.6,4.4,4.8,4,6.8,13,12.6,11.7,11,9,9.3,7.9,6.9,6.9,7.2,6.6,6.2,6.2,6.1,7,6.1,5.3,5,4.3,3.8,3.4,4.2,3.7,3.5,3.3,3.5,4.5,4.1,3.9,3.6,3.3,3.2,3.2,3.8,3.5,3.3,3.1,3.6,4.3,3.7,3.9,4,4,3.8,3.9,4.4,4.2,4,3.6,3.8,4.9,4.8,4.8,4.6,4.6,4.4
Maine,ME,5.6,5.5,5.5,4.8,4.5,4.4,4.3,4,4.1,4.2,4.6,4.6,5.5,5.8,5.6,5.2,5,4.6,4.6,4.2,4.5,4.4,4.9,4.7,5.3,5.5,5.2,4.8,4.6,4.5,4.6,4.2,4.2,4.2,4.8,4.6,5.4,5.5,5.1,4.9,4.7,4.4,4.5,4,4.2,4.2,4.6,4.8,5.6,5.5,5.5,4.9,5.1,4.9,5,4.8,4.9,5.2,6.1,6.8,8.6,9.1,9.3,8.5,8.5,8.3,8,7.5,7.7,7.7,8.2,8.6,9.8,9.9,9.6,8.8,8.3,7.9,7.9,7.4,7.3,7.4,8.2,8.2,9.1,9.1,8.8,8.1,7.9,7.5,7.3,6.9,7,6.9,7.1,7.4,8.3,8.4,8.1,7.3,7.2,7,7,6.5,6.3,6.5,6.8,7.2,8.3,8.1,7.6,7.1,6.8,6.5,6.2,5.8,5.8,5.9,6.2,6.1,7,7.1,6.8,5.9,5.6,5.1,5.2,4.9,4.7,4.7,5.1,5,5.9,5.7,5.3,4.7,4.6,4.1,3.9,3.5,3.5,3.6,4,4.1,4.8,4.7,4.7,4,3.7,3.6,3.4,3.2,3.3,3.3,3.5,3.5,4.3,4.2,3.9,3.6,3.5,3.2,3.2,2.9,2.9,2.9,3.2,3,3.7,3.7,3.5,3.3,3.1,3.1,3.1,2.8,2.8,2.9,3,3.2,3.9,3.6,3.5,3,2.8,2.5,2.5,2.4,2.4,2.5,2.8,2.8,3.7,3.8,4.3,9.2,9.7,6.4,6.7,3.6,3,3,3.4,4,5.5,5.7,5.5,5.4,5.1,5.2,4.7,4.5,4,3.9,4,3.7,4.4,4,3.6,3,2.8,2.5,2.3,2.1,2.2,2.3,2.6,2.4,3,3.2,3,2.4,2.5,2.4,2.4,2.3,2.3,2.5,2.8,2.8,3.3,3.5,3.2,2.9,2.8,2.8,3,2.9,2.8,3.1,3.6
Maryland,MD,4.7,4.6,4.5,4,4.1,4.6,4.5,4.3,4,4.1,4.2,4.1,4.7,4.9,4.6,4.1,4.1,4.4,4.3,4.1,3.8,3.8,3.8,3.5,3.9,4,3.7,3.6,3.8,4.3,4.4,4,3.7,3.6,3.6,3.4,4.1,4,3.5,3.2,3.2,3.7,3.7,3.4,3.3,3.3,3,3,3.5,3.6,3.6,3.3,3.8,4.4,4.6,4.7,4.6,5,5.1,5.5,6.6,7,6.9,6.5,6.9,7.4,7.3,7.3,7.3,7.6,7.5,7.5,8.4,8.4,8.2,7.5,7.5,7.8,7.9,7.9,7.5,7.4,7.5,7.3,7.8,7.7,7.4,6.9,7.1,7.7,7.6,7.5,7.2,7.1,6.7,6.7,7.3,7.4,7,6.5,6.7,7.2,7.2,7,6.5,6.6,6.5,6.6,7.3,7.1,6.8,6.4,6.6,7.1,6.8,6.5,6.2,6.4,6,5.6,6.2,6.3,6.1,5.3,5.7,6,6.1,6,5.4,5.3,5.3,5.1,5.8,5.6,5.3,4.8,5.1,5.3,5.3,5,4.7,4.8,4.6,4.3,4.7,4.6,4.5,4,3.9,4.4,4.4,4.3,4,4.2,4,3.9,4.5,4.5,4.1,3.7,3.8,4.2,4.2,4.2,3.8,4,4,3.8,4.4,4.4,4.1,3.5,3.5,4.2,4,3.8,3.4,3.5,3.3,3.4,4.1,3.9,3.6,3,3.1,3.6,3.7,3.5,3,3.1,3,2.9,3.5,3.5,4.1,8.6,9.1,8.2,8,7,7,6.5,6.3,6.4,6.7,6.5,6.2,5.6,5.5,6,5.5,5.2,4.4,4.1,3.7,3.1,3.7,3.6,3.2,2.7,2.8,3.4,3.2,3.2,2.6,2.8,2.4,2.1,2.6,2.5,2.1,1.5,1.7,2,2.2,2.3,2.2,2.5,2.3,2.4,3,3.1,2.9,2.5,2.6,3.4,3.5,3.5,2.9,3.1,3.1
Massachusetts,MA,6.2,5.8,5.7,4.9,5.1,5.4,5.3,4.8,4.7,4.5,4.5,4.5,5.5,5.5,5.1,4.5,4.7,4.9,4.9,4.5,4.7,4.3,4.5,4.5,5.3,5.3,5,4.5,4.6,4.8,5,4.6,4.6,4.1,4.3,4.4,5.4,5.1,4.7,4.2,4.4,4.6,4.8,4.3,4.3,4,4,4.4,5.2,5,4.9,4.2,4.9,5.3,5.5,5.4,5.5,5.5,5.7,6.4,7.9,8.1,8.1,7.5,8,8.4,8.6,8.3,8.4,8.2,8,8.4,9.4,9.1,8.8,8,8,8.1,8.2,7.8,7.7,7.3,7.5,7.5,8.3,8.1,7.6,6.9,7.1,7.5,7.5,7.1,7,6.6,6.4,6.6,7.3,7.2,6.8,6.2,6.5,6.9,7.2,6.8,6.4,6.3,6.1,6.5,7.5,7.2,6.8,6.3,6.7,7.1,7.1,6.6,6.5,6.3,5.9,6,6.7,6.6,6.3,5.4,5.7,5.9,6.2,5.8,5.4,5.1,4.9,4.9,5.7,5.5,5.1,4.5,4.9,5,5.1,4.6,4.4,4.3,4.1,4.2,4.8,4.7,4.5,3.8,3.9,4.2,4.2,3.9,3.7,3.5,3.3,3.6,4.5,4.4,4,3.5,3.8,4,4.2,3.9,3.6,3.4,3.3,3.5,4.2,4.2,3.8,3.2,3.3,3.8,3.8,3.4,3.1,3,2.7,3.1,3.9,3.6,3.4,2.7,2.9,3.2,3.3,3.1,2.7,2.6,2.5,2.7,3.5,3.4,3.8,17.2,14.5,14.7,12.8,10.2,9.5,7.9,7.3,7.2,7.3,6.9,6.3,5.5,5.3,5.8,5.5,5,4.4,4.1,3.6,3.6,4.4,4.2,3.8,3.2,3.5,3.8,3.9,3.9,3.3,3.3,3.2,3.3,4,4.1,3.7,2.8,3.3,3.6,3.6,3.6,3.2,3.3,3.2,3.6,4.2,4.3,4,3.4,3.8,4.2,4.5,4.3,3.8,3.9,3.9
Michigan,MI,7.3,7.1,7.6,6.3,6.7,7.2,7.7,6.7,6.6,6.5,6.8,7,7.7,7.8,7.4,6.7,6.7,6.9,7.3,6.2,6.1,5.7,6.3,6.4,7.1,7.3,7.3,6.7,6.3,6.9,7.8,6.9,6.7,6.2,6.5,6.8,7.6,7.3,7.2,6.8,6.7,7.3,7.8,6.9,6.9,6.7,6.6,7.1,7.7,7.5,7.7,6.8,7.9,8.2,8.8,8.4,8.2,8.5,8.8,9.8,11.8,12.6,13.2,12.8,13.7,14.8,15,14,13.8,13.5,13.1,13.5,14.6,14.4,14.3,13.3,12.8,13,13.7,12.5,11.8,11.3,10.9,10.6,11.3,11.1,10.6,9.9,10.1,10.7,11.2,10.3,9.7,9.1,8.6,9,9.8,9.7,9.4,8.6,9,9.5,10.2,9.2,8.4,8.3,8,8.8,9.8,9.4,9,8.4,8.7,9.4,9.7,8.8,8.4,8.3,7.7,7.7,8.3,8.5,8.3,7.2,7.4,7.6,8.1,6.9,6.6,6.2,5.7,5.7,6.6,6.1,5.9,5.3,5.8,5.7,6,5.2,4.8,4.7,4.3,4.5,5.2,5.3,5.3,4.7,4.7,5.2,5.6,5.1,4.8,4.7,4.5,4.5,5.6,5.3,4.7,3.9,3.9,4.4,5.2,4.9,4.6,4.1,4,4.4,5,5,4.6,3.9,3.8,4.3,4.6,3.9,3.7,3.7,3.5,4,4.7,4.5,4.7,3.8,4,4.3,4.9,4.2,3.7,3.4,3.2,3.5,4.2,3.7,4.6,22.5,19.6,14.7,12.9,9.7,8.7,6.9,6.5,7,6.8,6.5,6.3,5.9,6.1,6.7,6.6,5.9,5.1,4.5,3.8,4,5,4.9,4.4,4,4.2,4.4,4.4,4.1,3.7,3.7,3.5,3.7,4.5,4.4,4,3.1,3.8,4.1,4.3,4.1,3.8,3.9,3.4,3.6,4.2,4.5,4.3,4,4.4,5.1,5.7,4.9,4.6,4.8,4.8
Minnesota,MN,5.7,5.4,5.6,4.6,4.2,4.9,4.6,4.4,4.2,3.8,4,4.3,5,5,4.9,4.2,3.8,4.1,3.7,3.6,3.7,3.4,3.8,4.1,4.9,4.9,4.7,4,3.4,3.9,3.9,3.7,3.7,3.5,3.8,4.3,5.3,5.1,4.9,4.5,4.2,4.7,4.5,4.4,4.5,4.1,4.1,4.9,5.5,5.3,5.5,4.8,5,5.4,5.5,5.5,5.3,5.1,5.6,6.5,8,8.3,8.5,7.7,7.6,8.2,7.8,7.6,7.4,7.1,7.1,7.6,8.5,8.4,8.4,7.4,6.9,7.3,7.2,7.2,6.9,6.6,6.8,7.1,7.7,7.5,7.3,6.7,6.4,7,6.9,6.5,5.9,5.5,5.4,5.9,6.5,6.6,6.4,5.5,5.4,6,5.9,5.6,5.1,4.9,4.8,5.4,6.3,5.9,5.7,5.1,4.8,5.3,5.1,4.8,4.5,4.2,4.1,4.6,5.4,5.4,5.3,4.3,4.1,4.4,4.2,3.9,3.6,3.2,3.3,3.8,4.6,4.5,4.4,3.8,3.6,3.9,3.8,3.5,3.2,3.1,3.1,3.8,4.4,4.4,4.5,3.8,3.4,4.1,3.8,3.8,3.5,3.4,3.3,4,4.6,4.4,4.1,3.6,3.2,3.6,3.4,3.4,2.8,2.5,2.7,3.2,3.8,3.7,3.6,3,2.5,3.1,2.9,2.8,2.4,2.4,2.5,3.3,4.2,3.9,3.9,3.1,2.9,3.5,3.3,3.2,2.7,2.7,2.9,3.4,3.9,3.8,4.7,8.6,11.1,9.1,8,6.3,5.7,4.8,4.4,4.9,5.2,4.8,4.6,4.1,3.6,4.2,3.5,3.5,3,2.6,2.4,2.7,3.4,3.1,2.9,2.2,2,2.6,2.3,2.4,2,2,2.2,2.8,3.3,3.5,3.2,2.8,2.7,3.1,2.9,2.9,2.4,2.3,2,2.6,3.4,3.6,3.4,2.8,2.8,3.6,3.5,3.3,2.5,2.3,2.4
Mississippi,MS,6.2,5.6,5.4,5.2,6,7,6.7,6.3,6.2,6.4,6.3,6.5,7.1,6.9,6.7,6.4,7.1,8.1,7.6,7.4,10.3,8.6,8.6,7.1,7,6.7,5.7,5.7,6.1,7.1,7.2,6.4,6.2,5.8,6,6.1,6.6,6.4,6,5.8,5.9,7,6.9,6,6,5.6,5.5,6,6.4,5.9,6,5.5,6.6,7.5,7.6,7.2,6.9,6.7,6.7,7.3,8.5,8.5,8.5,8.3,9.1,9.9,9.8,9.6,9.5,9.6,9.5,10.1,11.1,10.6,10.3,9.6,10.1,10.8,10.8,9.8,9.8,9.4,9.8,9.8,10.2,10,9.6,9.2,9.8,11,10.6,10,9.8,9.4,8.9,8.9,9.5,9.1,8.6,8.1,8.7,9.8,9.8,9,8.6,8.3,7.8,8.4,9.5,8.8,8.2,7.8,8.6,9.7,9.1,8.7,8.4,8.1,7.7,7.5,8.4,8.1,7.9,6.9,7.8,8.6,8.5,7.8,7.3,6.9,6.5,6.6,7.2,6.5,6.2,5.9,6.8,7.3,7.1,6.4,6.1,6,6,6.3,6.4,5.9,5.8,5.4,5.9,7,6.7,6.1,5.9,5.6,5.3,5.4,6.1,5.2,5.2,4.7,5.3,6.2,6,5.4,4.8,4.4,4.6,4.5,4.9,5,4.6,4.4,4.7,6,5.6,5.1,4.7,4.5,4.5,5.1,5.7,5.3,5.2,4.8,5.1,6.6,6.6,5.9,5.4,5,5.1,5,5.5,5.2,6.7,14.8,11.5,10.2,9.2,7.3,7.1,6.2,6.1,6.2,6.6,6.4,6.2,5.6,5.8,6.9,6.2,5.5,4.6,4.1,3.6,3.5,4.6,4.1,3.4,3.3,3.6,4.6,4.4,4,3.7,3.3,3.3,3.1,3.5,3.2,3,2.5,3,4,3.7,3.5,2.9,2.7,2.4,2.5,3.1,2.7,2.5,2,2.9,3.9,3.7,3.5,3.3,3.3,3.4
Missouri,MO,6.1,6.1,6.1,5.3,5.6,6.2,6.3,6,5.6,5.5,5.7,5.7,6.5,6.6,6.2,5.4,5.4,5.6,5.5,4.9,4.8,4.7,5.1,4.8,5.3,5.5,5.1,4.5,4.5,4.9,5.1,5,4.7,4.5,4.6,4.6,5.4,5.5,5,4.5,4.7,5.2,5.4,5.2,5.1,5,4.9,5.3,6,5.8,5.9,4.9,5.7,5.9,6.4,6.5,6.1,6.2,6.7,7.4,8.8,9.2,9.2,8.3,9,9.4,9.5,9.4,9.1,9,9.1,9.3,10.3,10.4,10.1,9.1,9.1,9.2,9.6,9.4,8.9,8.8,9.2,9.1,9.9,9.7,9.2,8.4,8.6,8.8,8.8,8.7,8.1,7.7,7.4,7.5,7.9,8.1,7.8,6.7,6.9,7.2,7.6,7.2,6.3,6.5,6.4,6.7,7.7,7.5,7.1,6.3,6.7,7.1,7.3,6.9,6.1,6.1,6,6.2,7.2,7.5,7.2,5.8,6.2,6.3,6.6,6.2,5.5,5.1,5.3,5.3,6.2,6.1,5.9,5.2,5.4,5.3,5.5,4.9,4.3,4.2,4.2,4.2,4.9,5,4.9,4.3,4.3,4.8,5.1,5,4.3,4.1,3.8,4.1,4.7,4.7,4.3,3.6,3.8,3.7,4.1,4,3.1,2.9,3.2,3.3,4.1,4,3.8,3.1,3.1,3.3,3.5,3.2,2.5,2.5,2.6,3,3.9,3.7,3.7,2.8,3,3.2,3.6,3.3,2.6,2.8,3,3.2,3.8,3.5,4.2,10.9,9.9,8.5,8,6.3,5.2,4.5,4.5,4.9,5.5,5.3,5,4.5,4.7,4.8,4.4,4,3.1,3.1,2.8,2.8,3.5,3.2,2.9,2.1,2.3,2.4,2.9,2.8,2,2.5,2.4,2.4,3.2,3.2,3.1,2.6,3.1,3.3,3.4,3.4,2.8,3.2,2.9,3.1,3.9,4.1,3.9,3.3,3.7,3.9,4.3,3.9,3,3.3,3.3
Montana,MT,5.9,5.4,5.5,4.6,4.1,4.6,4.1,4,3.8,3.9,4.1,4.4,5.5,5.2,4.9,4.2,3.8,4.2,3.7,3.6,3.4,3.4,3.7,3.9,4.5,4.3,4.1,3.6,3.1,3.4,3.2,2.9,2.7,2.7,2.8,3.2,3.9,3.6,3.3,3.1,2.8,3.4,3.3,3.2,3.1,3.3,3.5,4.1,4.8,4.6,4.7,4.1,4,4.5,4.3,4.5,4.4,4.8,5.3,6.2,7.7,7.9,8.1,7.1,6.8,7.1,6.7,6.6,6.4,6.5,6.9,7.6,8.6,8.5,8.2,7.3,6.7,7,6.6,6.5,6.2,6.3,6.8,7.3,8.2,7.7,7.5,6.7,6.2,6.7,6.3,6.2,5.9,5.9,5.9,6.4,7.1,6.8,6.6,5.8,5.5,5.9,5.6,5.4,4.9,5.1,5.2,5.7,6.7,6.2,6,5.3,4.9,5.5,5.1,4.9,4.5,4.8,4.9,5.3,5.9,5.6,5.6,4.4,4.3,4.5,4.5,4.3,3.8,3.9,4.3,4.5,5.4,5,4.8,4.1,3.9,4.2,4.1,3.8,3.5,3.9,4.1,4.6,5.2,5.1,5,4.2,3.9,4.4,4,3.9,3.5,3.9,3.8,4.5,5.2,4.9,4.6,4,3.7,4,3.8,3.7,3.4,3.5,3.9,4.2,4.9,4.7,4.4,3.7,3.2,3.8,3.4,3.3,3,3.1,3.3,3.9,4.8,4.2,4.2,3.4,3.1,3.4,3.2,3.2,2.8,3,3.2,3.7,4.4,4.1,4.7,11.8,9,7.4,6.6,5.2,4.6,3.9,4,4.4,4.9,4.7,4.3,3.7,3.2,3.8,3.2,3,2.3,2.5,2.5,2.7,3.6,3.3,3,2.7,2.5,2.8,2.5,2.5,2,2.2,2.2,2.6,3.2,3.1,3,2.4,2.4,2.6,2.4,2.4,2.2,2.6,2.7,3.3,3.8,3.7,3.4,2.8,2.7,3.1,2.9,2.8,2.4,2.4,2.7
Nebraska,NE,4.4,4.2,4.2,3.7,3.7,4.1,3.9,3.7,3.7,3.6,3.6,3.8,4.5,4.4,4.3,3.8,3.8,3.9,3.8,3.4,3.5,3.3,3.5,3.4,3.6,3.5,3.3,3.1,2.8,3.2,3.3,2.9,2.8,2.7,2.7,2.7,3.4,3.3,2.9,2.7,2.9,3.3,3.2,2.8,2.8,2.8,2.8,2.7,3.3,3.3,3.2,2.9,3,3.4,3.4,3.1,3.2,3.2,3.2,3.6,4.6,4.6,4.8,4.5,4.6,4.9,4.8,4.6,4.6,4.4,4.3,4.7,5.4,5.4,5.2,4.6,4.4,4.9,4.6,4.3,4.3,4.2,4.2,4.3,5,4.9,4.7,4.3,4.3,4.7,4.5,4.3,4.1,4,3.8,4.1,4.4,4.5,4.2,3.7,3.7,4.1,4.2,3.8,3.5,3.6,3.4,3.8,4.4,4.2,3.9,3.6,3.7,4.1,4,3.5,3.4,3.3,3.1,3.3,3.8,3.9,3.9,3.1,3.1,3.4,3.6,3.1,2.9,2.7,2.6,2.8,3.3,3.1,3.1,2.8,2.9,3.2,3.3,2.9,2.7,2.8,2.7,2.9,3.3,3.3,3.3,3,2.8,3.4,3.4,3.1,3,3.1,2.8,3,3.5,3.3,3,2.8,2.8,3.1,3.1,2.9,2.7,2.5,2.7,2.9,3.2,3.3,3.1,2.8,2.7,3.2,3.1,2.8,2.6,2.7,2.5,2.9,3.5,3.4,3.4,2.9,3,3.4,3.3,3,2.7,3,2.8,2.8,3.3,3.1,5.1,8,6.6,5.6,4.8,3.5,3.2,2.5,2.5,2.8,3.4,3.5,3.1,2.7,2.7,3.2,2.8,2.5,2.1,2.1,1.8,1.8,2.4,2.3,2.2,1.9,2,2.5,2.4,2.3,2,2.1,2,2.1,2.3,2.4,2.2,2,2.2,2.6,2.4,2.3,2.3,2.5,2.2,2.3,2.8,2.9,2.7,2.4,2.6,3.1,3.1,2.8,2.6,2.7,2.7
Nevada,NV,5.3,4.7,4.8,4.5,4.2,4.7,4.6,4.2,4.1,4,4.1,4.2,4.7,4.5,4.3,4.2,4,4.3,4.4,4.1,4.2,3.9,4,3.9,4.3,4.3,4.1,4.1,3.9,4.3,4.5,4.1,4.1,3.9,4,4.1,4.8,4.4,4.4,4.5,4.3,4.8,5,4.8,4.9,4.9,5,5.4,6,5.6,5.9,5.8,6.2,6.7,7.1,7.3,7.5,7.7,8,8.8,9.7,9.9,10.1,10,10.4,11.2,11.5,11.6,11.9,12.1,12.1,12.5,13.4,13.2,13.2,13.1,12.9,13.3,13.6,13.4,13.3,13.1,13.4,13.4,13.7,13.3,13.1,12.9,12.7,13.3,13.4,13.2,13,12.6,12.2,12.3,12.5,12.2,11.9,11.5,11.5,12,12,11.6,10.9,10.8,10.4,10.7,11.3,10.6,10.2,10,9.9,10.4,10.3,9.8,9.6,9.5,9,9,9.2,9,8.8,7.9,8.2,8.4,8.6,8.2,7.8,7.5,7.5,7.3,7.9,7.4,7.1,7,7,7,7.2,6.7,6.5,6.4,6.3,6.3,6.5,6.2,6.2,6,5.6,6.1,6,5.7,5.6,5.5,5.2,5.3,5.7,5.4,5.1,5,4.8,5.2,5.3,5,4.8,4.6,4.6,4.7,5.1,4.8,4.5,4.4,4.1,4.6,4.6,4.4,4.1,4.1,4,4.2,4.8,4.3,4.2,4,4,4.3,4.4,4.1,3.9,3.9,3.8,4,4.4,4.2,7.6,30.1,25,19.2,17.3,13.8,12.8,10.6,9.8,9.5,9.2,8.5,7.9,7.6,7,7.4,7,6.4,5.6,5.3,5,4.8,5.6,5.3,5,5,5.1,5.5,5.4,5.4,5.1,5.1,5.1,4.9,5.4,5.3,5,4.8,5.1,5.2,5.3,5.3,5.2,5.2,4.9,5,5.4,5.4,5.3,5.2,5.3,5.8,6.1,5.9,5.5,5.6,5.7
New Hampshire,NH,4.6,4.5,4.5,4,3.8,3.9,3.8,3.6,3.3,3.1,3.3,3.3,4.1,4.3,4,3.6,3.5,3.6,3.6,3.5,3.6,3.3,3.5,3.2,3.8,4,3.8,3.4,3.2,3.4,3.6,3.5,3.3,3.1,3.5,3.4,4.3,4.2,4,3.7,3.4,3.6,3.5,3.3,3.1,2.9,3.1,3.2,3.9,3.9,3.9,3.4,3.5,3.6,3.7,3.8,3.7,3.6,3.9,4.2,5.5,5.9,6,5.7,5.8,6.1,6.2,6.3,6.4,6.2,6.2,6.4,7.3,7.1,6.8,6.1,5.8,5.8,5.9,5.8,5.5,5.4,5.7,5.5,6.2,6,5.7,5.3,5.3,5.6,5.6,5.5,5.4,5.1,5,5.1,5.8,5.8,5.6,5.1,5.2,5.6,5.8,5.7,5.3,5.2,5.2,5.4,6.3,5.9,5.7,5.2,5.1,5.2,5.2,5.1,5,5,4.8,4.6,5.1,5.1,5,4.3,4.3,4.2,4.4,4.3,3.9,3.6,3.8,3.6,4.4,4.2,4,3.5,3.5,3.4,3.4,3.1,2.9,2.9,2.9,2.7,3.3,3.2,3.2,2.9,2.7,2.9,2.9,2.9,2.6,2.5,2.6,2.7,3.4,3.5,3.2,2.8,2.7,2.7,2.7,2.8,2.6,2.4,2.5,2.4,3.2,3.2,3.1,2.8,2.5,2.7,2.7,2.5,2.2,2.1,2.2,2.3,3.2,3,3,2.5,2.4,2.5,2.6,2.6,2.3,2.2,2.2,2.2,3,2.9,3.2,15.8,11.9,9.5,8.4,6.5,6,4.8,4.6,4.4,4.7,4.6,4.4,3.9,3.5,3.8,3.6,3.3,2.9,2.5,2.4,2.1,3,2.7,2.5,2.2,2.1,2.3,2.4,2.7,2.4,2.4,2.4,2.2,2.8,2.7,2.4,1.9,2,2.1,2.2,2.4,2.2,2,2.1,2,2.6,2.8,2.7,2.3,2.1,2.5,2.8,2.8,2.4,2.5,2.9
New Jersey,NJ,6,5.7,5.6,5,4.8,5.1,5.4,4.7,4.5,4.2,4.1,4,4.8,5.1,4.7,4.1,4,4.3,4.7,4.3,4.3,4,4.5,4.5,5.2,5.4,5.1,4.8,4.8,4.8,5.3,4.7,4.4,3.8,4,3.8,4.7,4.6,4.3,3.9,4,4.2,4.7,4.1,4,3.8,4,4.2,5.2,5.1,5,4.5,5,5.2,5.7,5.7,5.6,5.6,5.8,6.4,7.7,8.3,8.3,7.9,8.3,8.9,9.4,9.3,9.4,9.5,9.5,9.7,10.5,10.5,10.3,9.7,9.5,9.6,9.9,9.5,9.2,9,9.3,9.2,10,10,9.6,9.1,9.3,9.6,9.8,9.4,9.3,9,8.9,8.9,9.7,9.9,9.6,9.1,9.4,9.8,10.2,9.7,9.2,9.1,8.7,9,9.9,9.5,9,8.4,8.7,8.9,8.8,8.3,7.9,7.6,7,6.8,7.6,7.6,7.3,6.2,6.6,6.6,7.2,6.9,6.4,6.1,6.1,5.8,6.9,6.7,6.3,5.8,6.1,6,6.3,5.5,5.1,4.8,4.7,4.5,5.2,5.3,5.3,4.9,4.8,5.1,5.5,5.2,4.9,4.6,4.3,4.3,5,5,4.5,4.1,4.4,4.5,5,4.8,4.5,4.2,4.2,4,4.8,4.9,4.5,3.9,3.8,4.3,4.5,4,3.6,3.3,3.1,3.4,4.2,4,3.5,2.8,3,3.2,3.8,3.6,3.3,3.3,3.4,3.6,4.4,4.3,5,14.4,15.6,14.6,14.9,13,7.3,6.6,6.9,6.9,7.8,7.8,7.5,6.9,6.8,7.5,7.4,6.9,6.1,5.5,5.2,5.1,5.7,5.1,4.5,3.8,3.6,3.7,3.8,3.3,2.9,3.1,3.3,3.4,4.2,4.4,4.1,3.6,4.2,4.5,4.7,4.7,4.3,4.2,4,4.1,4.7,4.9,4.6,4,4.3,4.7,5.3,5,4.2,4.2,4.3
New Mexico,NM,6.1,5.8,5.8,5.5,5.4,6.3,6.1,5.4,5.3,5.2,5.2,5.2,5.7,5.8,5.5,5.2,5.2,6,5.8,5,4.9,4.6,4.6,4.2,4.7,4.6,4.1,4.2,4.1,4.9,5.1,4.3,3.9,3.7,3.7,3.3,3.9,3.7,3.5,3.4,3.3,4,4.3,3.6,3.3,3.1,3.2,3.3,3.8,3.7,3.8,3.5,3.9,4.8,5.1,4.7,4.5,4.6,4.9,5.2,6.1,6.3,6.3,6.1,6.6,7.7,8,7.5,7.5,7.5,7.5,7.5,8.4,8.2,7.9,7.5,7.5,8.4,8.6,7.9,7.6,7.4,7.5,7.2,7.7,7.4,6.9,6.7,6.7,7.9,8,7.4,7.2,7,6.8,6.8,7.3,7.2,6.7,6.4,6.6,7.7,7.9,7.1,6.7,6.6,6.5,6.6,7.4,7,6.6,6.4,6.6,7.7,7.7,6.9,6.7,6.7,6.5,6.4,6.9,6.9,6.6,5.9,6.3,7.2,7.5,6.8,6.3,6.1,6.2,5.9,6.7,6.6,6.2,6.2,6.6,7.4,7.6,6.8,6.5,6.4,6.3,6.1,6.5,6.4,6.3,6.3,6.3,7.5,7.8,7.1,7,6.8,6.6,6.5,7.1,6.9,6.3,6.1,5.9,6.7,7,6.2,5.6,5.3,5.3,5,5.5,5.2,4.7,4.4,4.3,5.6,5.6,5,4.7,4.7,4.8,4.9,5.6,5.1,4.7,4.6,4.7,5.7,6,5,4.6,4.6,4.7,4.6,5.3,5.1,6.3,8.4,9.3,9.6,10.1,8.5,8.7,7.8,7.9,8.1,8.5,8.2,7.7,7.6,7.2,8.4,8,6.9,6,5.7,5.6,5.1,5.6,5,4.4,4.1,3.9,4.7,4.4,3.7,3.4,3.3,3.3,3.1,3.8,3.7,3.2,3.1,3.4,4.3,4.5,3.9,3.6,3.6,3.5,3.4,3.8,3.8,3.5,3.5,3.8,4.9,5.3,4.5,4.1,4.2,4.2
New York,NY,7,6.8,6.7,5.9,5.6,5.9,5.9,5.5,5.3,5.1,5.1,5.3,5.6,5.7,5,4.8,4.7,4.8,5.1,4.7,4.9,4.6,4.9,4.7,5,5.3,4.9,4.5,4.3,4.4,4.9,4.4,4.1,3.8,4,3.9,4.8,4.7,4.2,4,4,4.3,4.8,4.5,4.3,4.3,4.3,4.7,5.3,5.2,5,4.5,4.8,5.1,5.4,5.6,5.5,5.5,5.9,6.5,7.7,8.3,8.2,7.9,8.1,8.6,8.7,8.7,8.6,8.7,8.6,8.9,9.6,9.6,9.2,8.6,8.4,8.6,8.8,8.7,8.4,8.3,8.4,8.3,9,8.8,8.3,7.9,7.9,8.3,8.5,8.5,8.3,8.3,8.2,8.4,9.2,9.3,8.9,8.3,8.5,8.8,9.2,8.8,8.2,8.2,8,8.3,9.2,8.8,8.1,7.5,7.7,8,8.1,7.9,7.5,7.5,7,6.8,7.3,7.5,7,6,6.2,6.2,6.5,6.3,5.7,5.6,5.6,5.5,6.2,6.1,5.6,5.2,5.2,5.2,5.4,5.1,4.7,4.6,4.7,4.7,5.2,5.2,5,4.6,4.4,4.8,5.2,5.1,4.9,4.9,4.6,4.6,5.1,5.2,4.6,4.4,4.4,4.6,4.9,4.9,4.5,4.4,4.3,4.4,4.9,4.9,4.5,4,3.6,4.1,4.2,4.1,3.6,3.6,3.6,3.9,4.5,4.4,4.1,3.5,3.6,3.7,4.1,4.1,3.6,3.7,3.6,3.7,4.3,4.3,5.2,15.2,16.7,13.4,13,10.8,10,8.8,8.3,8.4,9.1,9,8.4,7.8,7.1,7.6,7.4,7,6,5.6,5.2,5,5.6,5.4,4.8,4.2,4,4.2,4.4,4.3,3.6,3.7,3.8,3.8,4.4,4.5,4.1,3.5,3.8,4,4.1,4.4,3.9,4.1,3.9,4,4.4,4.6,4.3,3.9,4,4.3,4.8,4.8,4,4.2,4.2
North Carolina,NC,6.2,6,5.9,5.3,5.4,5.8,5.5,5.3,4.8,5,5.3,5.2,5.6,5.8,5.3,5,5.2,5.5,5.6,5.2,4.8,4.8,5,4.6,4.9,5,4.6,4.4,4.6,4.9,5.2,4.9,4.5,4.4,4.7,4.5,5,4.9,4.5,4.4,4.6,4.9,5,4.8,4.5,4.6,4.7,4.8,5.3,5.2,5.1,4.7,5.3,5.6,5.9,5.8,5.3,5.5,7.9,9,10.6,11.2,11.2,10.8,11,11.2,11.1,10.8,10.3,10.4,10.5,10.8,11.8,11.9,11.5,10.8,10.7,10.8,10.8,10.5,10,10.1,10.6,10.5,11.2,10.8,10.4,9.9,10.2,10.7,10.7,10.6,10.2,10.1,9.9,9.9,10.2,10,9.6,9.1,9.4,9.9,10.1,9.9,9.1,9.3,9.2,9.5,10.3,9.5,8.7,8,8.1,8.3,7.9,7.4,6.3,6.4,6.4,6.1,6.6,6.7,6.5,5.7,6.1,6.2,6.6,6.5,5.7,5.7,5.7,5.4,6.1,5.9,5.7,5.4,5.9,6,6.1,5.8,5.3,5.3,5.4,5.2,5.6,5.4,5.2,4.8,4.8,5.2,5.3,5.2,4.9,5,4.9,4.7,5.3,5,4.7,4.2,4.4,4.6,4.8,4.8,4.1,4.1,4.3,4.1,4.5,4.4,4.2,3.7,3.7,4.2,4.2,4.1,3.6,3.8,3.8,3.9,4.5,4.1,4,3.5,3.8,4.1,4.1,4.1,3.4,3.6,3.6,3.4,4,3.8,4.6,13.8,11.9,10,9.3,7,6.4,5.5,5.6,5.7,6.2,6,5.5,5.1,5,5.5,5.1,4.9,4.1,4.1,3.9,3.3,4.1,3.9,3.6,3.3,3.5,3.9,3.9,4.1,3.4,3.6,3.6,3.3,3.8,3.8,3.5,3,3.4,3.6,3.6,3.8,3.3,3.4,3.4,3.3,3.7,3.8,3.6,3.2,3.4,3.9,4.1,3.9,3.2,3.6,3.7
North Dakota,ND,4.2,4,4.2,3.3,3,3.7,3.2,3.1,2.8,2.6,3,3.6,4.2,4.2,4.2,3.5,3.1,3.6,3,2.8,2.7,2.5,3,3.2,3.9,4,3.8,3.2,2.7,3.3,3,2.8,2.5,2.4,2.9,3.1,3.8,3.8,3.6,3.2,2.7,3.3,2.8,2.7,2.6,2.3,2.5,3.2,3.7,3.5,3.5,2.9,2.7,3.3,3.1,2.9,2.6,2.4,2.8,3.3,4.8,4.9,4.7,4,3.7,4.2,3.6,3.6,3.2,3,3.4,3.9,4.7,4.7,4.7,3.7,3.2,3.8,3.4,3.3,2.9,2.7,3.2,3.6,4.2,4.1,4,3.4,3,3.7,3.2,3.2,2.8,2.5,2.7,3.1,3.7,3.7,3.6,2.9,2.6,3.1,2.9,2.7,2.3,2.2,2.5,3,3.9,3.6,3.5,3.1,2.6,3.1,2.8,2.6,2.2,2.1,2.3,2.8,3.4,3.5,3.4,2.7,2.4,2.8,2.6,2.4,2.1,1.9,2.2,2.6,3.3,3.3,3.4,2.9,2.7,3,2.7,2.5,2.2,2,2.4,2.9,3.7,3.8,4,3.3,2.8,3.4,2.9,2.8,2.4,2.1,2.4,3,3.6,3.5,3.3,2.7,2.2,2.7,2.3,2.4,2,1.7,2.2,2.7,3.3,3.3,3.2,2.8,2,2.6,2.2,2.1,1.7,1.5,1.8,2.3,3.1,2.9,2.9,2.3,1.9,2.4,2.1,1.9,1.5,1.4,1.7,2,2.7,2.5,3,8.4,7.7,7,6.3,5.3,4.5,3.9,4.1,4.4,4.6,4.6,4.3,3.7,3,3.7,2.9,2.6,2.1,1.8,1.9,2.1,2.8,2.7,2.7,2.1,1.8,2.4,1.9,2,1.5,1.5,1.7,2,2.5,2.6,2.5,2.1,1.8,2.3,1.8,1.8,1.6,1.6,1.7,2,2.7,2.9,2.8,2.4,2.1,2.8,2.7,2.4,1.9,1.9,2.2
Ohio,OH,7.1,6.8,6.7,6.1,5.9,6.5,6.3,5.9,5.8,5.9,6,5.9,6.9,7.1,6.6,5.9,5.7,6.1,5.7,5.4,5.5,5.3,5.4,5.5,6.1,6.1,5.6,5.4,5.1,5.5,5.8,5.3,5.1,4.8,5.2,5.3,6.3,6,5.7,5.6,5.3,5.8,5.7,5.4,5.4,5.2,5.2,5.7,6.4,6.1,6.3,5.6,6.1,6.6,6.9,6.7,6.6,6.6,7,7.9,9.7,10.2,10.4,10.1,10.3,10.9,10.6,10.1,10,10,10.1,10.5,11.7,11.6,11.1,10.2,9.8,10,9.8,9.5,9.3,9,9.2,9.1,10.1,9.7,9.2,8.5,8.6,9.2,9,8.6,8.5,8.1,7.6,7.8,8.6,8.4,7.9,7.1,7,7.5,7.5,7.1,6.8,6.7,6.8,7.2,8.7,8.2,7.7,7,7.1,7.8,7.6,7.1,7.1,7,6.7,6.5,7.4,7.2,6.6,5.5,5.6,6,6,5.5,5.2,4.9,4.9,5,6.1,5.7,5.4,4.7,4.9,5.1,5,4.4,4.5,4.4,4.6,4.8,5.7,5.6,5.3,4.8,4.6,5.1,5,4.9,5.1,4.8,4.6,5,6,5.9,5.3,4.6,4.7,5.2,5.2,4.9,4.6,4.3,4.2,4.4,5.2,5.1,4.7,4.3,4.1,5,4.6,4.3,4,4,3.9,4.4,5.1,4.6,4.3,3.6,3.7,4.3,4.5,4.1,3.9,3.7,3.7,3.9,4.9,4.6,5.4,15.9,13.6,11.4,10.1,7.9,7.5,6.1,5.5,5.9,6.9,6.7,6.3,5.9,5.4,6.1,5.5,4.9,4.4,3.9,3.6,3.5,4.7,4.6,4.2,3.7,3.6,4.4,4.3,4.2,3.8,3.7,3.4,3.5,4.2,4.2,3.9,3.1,3.3,3.8,3.7,3.7,3.6,3.5,3.3,3.5,4.4,4.5,4.4,3.9,4.1,4.7,4.7,4.3,4.1,3.9,4.2
Oklahoma,OK,5.6,5.3,5,4.5,4.7,5.2,4.6,4.3,4.3,4.4,4.4,4.3,4.9,4.9,4.5,4,4.3,4.7,4.3,4.2,4.2,4.2,4.1,3.9,4.2,4.2,3.9,3.6,3.9,4.1,3.9,3.9,3.8,3.7,3.9,3.8,4.5,4.4,4,3.8,4.1,4.3,4.2,3.8,3.8,3.7,3.6,3.5,3.7,3.4,3.2,2.8,3.4,3.8,3.6,3.6,3.5,3.8,3.9,4.3,5.5,6,6.3,6.1,6.9,7.1,6.8,6.8,6.8,6.8,6.5,6.5,7.5,7.5,6.7,6.2,6.5,6.6,6.4,6.3,6.1,6,6.1,5.8,6.3,6.1,5.5,5,5.4,5.9,5.7,5.5,5.5,5.5,5.2,5.2,5.6,5.5,4.9,4.5,5,5.4,5.3,5.1,4.9,5,4.8,5,5.7,5.4,5,4.6,5.2,5.5,5.2,5.1,5.1,5.2,4.8,4.6,5.1,5.1,4.7,3.9,4.4,4.6,4.5,4.3,4.1,3.9,3.9,3.7,4.3,4.3,4,3.9,4.5,4.7,4.5,4.3,4.2,4.3,4.3,4.2,4.6,4.8,4.6,4.3,4.6,5.1,4.9,4.9,4.7,4.5,4.3,4.3,4.7,4.6,4.1,3.7,4.1,4.3,4.1,4.1,3.8,3.7,3.6,3.6,4,3.9,3.5,3.1,3.2,3.5,3.2,3.1,2.8,3,2.9,3,3.8,3.4,3.1,2.6,3,3.4,3.3,3.2,2.9,3.1,3,2.8,3.3,3.2,3.6,12.1,10,8.5,7.6,6.1,5.8,5.2,5.1,5.1,5.3,5.2,4.4,4.6,4.4,4.9,4.2,3.7,3.1,3,2.7,2.5,3.3,3.2,2.9,2.6,3,3.4,3.2,3.3,3,3.1,2.9,2.7,3.2,3.3,2.9,2.5,3.1,3.3,3.2,3.4,3.4,3.4,3.2,3.2,3.6,3.7,3.2,2.8,3.3,3.6,3.6,3.4,3.1,3.2,3.2
Oregon,OR,8.6,8.3,8.5,7.5,7.1,7.4,7.4,7.2,6.6,6.5,6.6,6.5,7.1,7.3,6.9,6.4,5.9,6.2,6.3,5.9,5.5,5.3,5.5,5.5,6.2,6.3,6,5.5,5,5.3,5.6,5.3,4.8,4.6,5,5.1,6,5.8,5.6,5.1,4.6,5,5.4,5.1,4.8,4.8,4.9,5.2,5.9,5.7,5.7,5,5.1,5.6,6.3,6.5,6.3,6.9,7.6,8.6,10.5,11.2,11.7,11,10.7,10.9,10.8,10.6,10,10,9.9,10.5,11.6,11.4,11.6,10.7,10.2,10.4,10.7,10.4,10,9.8,10.2,10.1,10.8,10.4,10,9.2,9,9.6,9.7,9.4,9,8.8,8.5,8.9,9.7,9.5,9.3,8.5,8.4,8.8,9.1,8.7,7.9,8,8,8.4,9.5,8.9,8.5,7.7,7.5,8,8,7.5,6.9,7,6.7,6.9,7.8,7.7,7.7,6.6,6.4,6.6,7,6.8,6,5.9,5.9,5.7,6.5,6,6,5.4,5.4,5.6,5.9,5.4,5,4.8,4.8,4.9,5.4,5.3,5.3,4.8,4.5,5.2,5.3,4.9,4.4,4.2,3.9,4,4.7,4.3,4.3,3.7,3.6,4.1,4.4,4.4,3.9,3.7,3.6,3.9,4.7,4.5,4.4,3.8,3.4,4,4.2,4,3.7,3.8,3.7,4.1,4.9,4.4,4.5,3.7,3.3,3.8,4.1,3.9,3.2,2.9,2.8,3,4.1,3.8,4.6,13.3,11.7,10.1,9.7,7.7,7.3,6.2,5.9,6.4,7.1,6.7,6.6,5.8,5.3,5.5,5.2,4.8,4.2,3.7,3.6,3.7,4.6,4.2,4.1,3.5,3.3,3.9,4.1,4.2,3.8,3.8,3.9,3.9,4.5,4.1,3.8,3.1,3.3,3.7,3.9,3.9,3.6,3.6,3.6,4,4.7,4.6,4.4,3.7,3.6,4,4.6,4.4,3.9,3.9,4
Pennsylvania,PA,6.2,6,5.9,5,5.2,5.6,5.6,5.3,4.8,4.9,5,4.9,5.7,5.9,5.7,4.7,4.8,5.1,5.1,4.9,4.5,4.4,4.7,4.5,5.3,5.3,4.9,4.5,4.6,4.9,5.1,4.9,4.3,4,4.3,4.2,5.2,5,4.6,4.2,4.4,4.7,4.8,4.7,4.3,4.2,4.3,4.6,5.5,5.4,5.2,4.6,5,5.3,5.6,5.7,5,5.2,5.6,6.3,7.8,8.4,8.3,7.6,8.1,8.4,8.5,8.4,7.8,7.6,7.5,7.8,9.1,9.3,8.8,7.9,8.1,8.1,8.4,8.3,7.4,7.4,7.6,7.5,8.4,8.2,7.8,7.1,7.4,8,8.1,8.2,7.4,7.2,7.2,7.3,8.1,8,7.6,6.9,7.4,8,8.2,8.1,7.1,7.1,7,7.3,8.4,7.9,7.4,6.7,6.9,7.4,7.4,7.3,6.5,6.5,6.3,6.1,6.9,7,6.6,5.6,6,6.1,6.5,6.2,5.2,5.2,5.1,5.2,6.2,6,5.7,5,5.5,5.6,5.9,5.7,5,4.9,4.9,4.9,5.7,5.8,5.6,5,5.1,5.5,5.8,5.8,5.1,5,4.7,4.8,5.7,5.6,5.2,4.6,4.7,5,5.4,5.5,4.5,4.4,4.5,4.5,5.2,5.2,4.7,4.1,4,4.6,4.8,4.8,3.9,3.9,3.7,4,4.8,4.7,4.5,3.7,4,4.4,4.8,4.9,3.9,4,3.9,4.1,4.7,4.6,5.3,15.1,13,11.9,11.2,9.4,8.5,7.4,7.3,7.8,7.5,7.3,6.6,6.2,6.1,6.6,6.4,6.3,4.9,4.8,4.1,3.7,4.8,4.6,4.2,3.8,4,4.5,4.6,5,3.6,3.7,3.6,3.4,4.1,4.3,3.7,3.1,3.4,3.8,3.9,4.4,3.3,3.4,3.2,3.3,3.8,4,3.6,3.1,3.3,3.9,4.2,4.5,3.2,3.4,3.3
Rhode Island,RI,6.6,6.2,6.3,5.6,5.4,5.4,5.6,5.1,4.3,4.1,4.3,4.4,5.7,5.7,5.5,4.7,4.7,5,5.4,5.3,5.1,4.8,4.9,5,6.1,6.2,5.8,5.3,5.2,5.2,5.6,5.4,4.6,4.4,4.7,4.6,5.7,5.4,4.9,4.7,4.7,4.7,5.4,5.3,4.8,4.9,5.2,5.7,7.2,7,6.9,6.2,7.1,7.2,7.9,8.4,7.9,8.1,8.4,9.2,11.1,11.4,11.3,10.9,11.1,11.1,11.4,11.4,11,11,11.1,11.4,12.9,12.8,12.4,11.6,11.4,11.1,11.6,11.6,10.9,10.9,11.4,11.1,12.2,12,11.5,10.6,10.8,10.7,11.3,11.2,10.8,10.7,10.7,10.7,11.8,11.7,11,10,10.2,10.1,10.7,10.5,9.5,9.4,9.4,9.3,10.7,10.2,9.7,9,9.4,9.3,9.7,9.8,9.2,9.1,9,8.7,9.7,9.5,9,7.6,7.8,7.3,7.9,7.9,7,6.5,6.7,6.2,7.4,7.2,6.7,5.7,6.1,5.8,6.1,6.1,5.2,5.3,5.6,5.3,6.3,6.3,5.8,5,5.1,5.1,5.4,5.6,4.8,4.5,4.5,4.4,5.5,5.4,4.7,4.1,4.1,4.2,4.6,4.7,4,4,4.4,4.1,5.2,5.3,4.6,3.8,3.7,3.8,4,4.2,3.4,3.2,3.6,3.6,4.7,4.4,3.9,3.1,3.4,3.3,3.6,3.9,3,2.8,3.1,3,4.1,4.1,4.7,17.5,15.9,12.8,12.1,10.7,9.5,6.2,6.5,6.9,7.6,7.3,6.2,5.7,6,6.4,6.1,6.1,4.6,4.1,3.8,3.2,4.3,4.2,3.3,2.8,3,3,3.3,4,2.9,2.9,2.9,2.3,3.5,3.8,3.1,2.3,2.5,2.5,2.6,3.3,2.6,3,3.3,3.4,4.6,5,4.3,3.7,4.1,4.1,4.7,5,3.9,4.1,4.5
South Carolina,SC,7.2,7.1,7,6.4,6.5,7.4,7.1,7,6.7,6.8,6.9,7,7.3,7.5,6.7,6.2,6.3,6.9,6.7,6.7,6.8,6.8,6.9,6.6,6.7,6.9,6.4,6.1,6.1,6.6,6.5,6.5,6.1,6,6,6,6.4,6.2,5.5,5.1,5,5.7,5.8,5.6,5.4,5.5,5.4,5.9,6.1,5.8,5.6,5.3,6,6.7,7.1,7.5,7.4,7.9,8.2,9,10.1,10.6,10.5,10,10.6,11.3,11.2,11.3,11.4,11.7,11.5,11.8,12.3,12,11.4,10.5,10.7,11.1,11.2,11.1,10.6,10.6,10.9,10.8,11,10.9,10.4,9.9,10.3,11,10.8,10.6,10.2,10,9.5,9.7,10,9.9,9.2,8.6,9,9.5,9.5,9.1,8.3,8.4,8.2,8.5,9,8.5,7.8,7.1,7.4,8,7.7,7.5,6.9,6.9,6.4,6.2,6.5,6.2,6.1,5.2,5.7,6.4,6.9,6.9,6.4,6.4,6.4,6.3,6.9,6.7,6.1,5.6,6,6.1,6.2,5.7,5.4,5.5,5.3,5.4,5.7,5.5,5.3,4.6,4.5,5.2,5.1,5,4.5,4.5,4.2,4.4,5,4.7,4.1,3.5,3.7,4.4,4.5,4.4,3.9,4,4,4.1,4.4,4.1,3.4,2.5,2.8,3.6,3.6,3.5,3,3.2,3,3.2,3.7,3.5,3.3,2.6,2.7,3,2.8,2.5,1.9,2.4,2.4,2.6,3.1,3.2,3.4,11,9.2,8,7.4,6.1,5.7,5.1,4.9,5,5,4.8,4.3,3.7,3.6,4.5,4.2,4,3.3,3.3,3.2,3.1,3.8,3.8,3.2,2.6,2.9,3.5,3.3,3.4,3,3.3,2.9,2.9,3.4,3.5,3,2.2,2.7,3.2,3,2.8,2.8,3.2,3.1,3.2,3.7,4,3.7,3.2,3.8,4.7,4.9,4.9,4.2,4.4,4.2
South Dakota,SD,4,3.9,4.1,3.3,3.4,3.6,3.4,3.4,3.3,3.2,3.5,3.7,4.3,4.4,4.2,3.6,3.6,3.5,3.3,3.1,3.1,2.9,3.2,3.5,3.6,3.6,3.3,2.9,2.8,2.9,2.9,2.9,2.7,2.6,2.8,3,3.5,3.5,3.1,3,2.7,2.7,2.6,2.7,2.5,2.4,2.5,2.9,3.1,3.1,3,2.7,2.8,2.8,2.9,3.1,2.8,2.9,3.3,4,4.6,5.1,5.3,5,4.7,4.6,4.4,4.4,4,4.1,4.2,4.9,5.5,5.5,5.4,5.1,4.8,4.7,4.6,4.7,4.3,4.2,4.6,5.1,5.6,5.7,5.4,4.7,4.4,4.4,4.2,4.3,4,3.8,3.9,4.4,4.7,4.9,4.5,3.9,3.9,4,3.9,3.9,3.5,3.5,3.6,4,4.5,4.6,4.1,3.9,3.5,3.7,3.4,3.5,3.2,3.3,3.3,3.5,3.9,4.2,3.9,3.4,3.2,3.2,3.1,3.2,2.9,2.8,3.2,3.4,3.6,3.7,3.4,3.1,3.1,3,2.8,2.9,2.5,2.5,2.7,3.1,3.2,3.4,3.1,2.9,2.7,3,2.8,3.1,2.7,2.8,2.9,3.4,3.5,3.7,3.1,3,2.9,2.9,2.8,3.1,2.6,2.5,2.8,3.3,3.2,3.5,3,3,2.5,2.8,2.5,2.6,2.2,2.3,2.4,2.9,3.2,3.3,3.1,2.8,2.6,2.8,2.6,2.8,2.2,2.3,2.4,2.8,2.7,2.8,3,8.8,6.7,5.1,4.5,3.9,3.2,2.8,2.9,3.2,3.1,3.4,2.9,2.8,2.6,2.9,2.4,2.6,2,2,1.9,2,2.2,2.4,2,1.9,1.8,2,1.7,2.1,1.5,1.7,1.7,2,1.9,2.3,1.8,1.9,1.8,1.9,1.6,2,1.5,1.7,1.5,1.8,1.9,2.3,1.7,1.8,1.7,1.9,1.8,2,1.5,1.6,1.7
Tennessee,TN,5.8,5.4,5.5,4.8,4.7,5.6,5.4,5.3,5.3,5.4,5.4,5.5,6.1,6.1,5.8,5.3,5.2,5.9,5.5,5.1,5.2,5.3,5.4,5.3,5.8,5.6,5.5,5.2,5.1,5.8,5.7,5.2,4.9,4.6,4.7,4.4,5.1,4.8,4.4,4,4.1,4.8,4.7,4.5,4.7,4.7,4.8,5.1,5.7,5.6,5.7,5.2,5.9,6.7,6.9,6.7,6.8,7,7.3,8.1,9.6,10.1,10.5,10,10.4,11.3,11,10.6,10.5,10.4,10.1,10.4,11.1,10.7,10.5,9.7,9.4,9.9,9.7,9.5,9.3,9.2,9.4,9.4,10.1,9.6,9.4,8.8,8.8,9.7,9.3,9.1,8.9,8.5,8.1,8.2,8.7,8.4,8.1,7.5,7.7,8.5,8.5,7.9,7.5,7.5,7.3,7.6,8.6,8.1,7.8,7.4,7.5,8.4,8.1,7.6,7.4,7.4,6.9,6.7,7,7,6.8,6,6.3,7.1,7.2,6.7,6.4,6.1,6.1,5.9,6.5,6.1,5.8,5.3,5.6,6.1,5.9,5.4,5.2,5.1,4.9,4.7,5,4.8,4.7,4.3,4.2,5.2,5.1,4.9,4.9,4.7,4.4,4.5,5,4.5,4.1,3.4,3.3,4.1,3.9,3.6,3.3,3.3,3.3,3.2,3.9,3.6,3.5,3,3.1,4.1,3.9,3.6,3.4,3.4,3.1,3.2,3.9,3.4,3.4,2.9,3.1,3.8,3.7,3.3,3.1,3.3,3.1,3.1,3.7,3.4,3.9,15,11.8,10.8,10.1,7.7,6.9,5.9,5.4,5.4,5.7,5.3,5.1,4.7,4.6,5.6,4.9,4.4,3.8,3.5,3.2,3,3.7,3.4,3.2,3,3.1,4,3.7,3.5,3.2,3.4,3.2,3,3.6,3.4,3.2,2.7,3.1,3.7,3.5,3.3,3.3,3.3,3,2.9,3.3,3.1,3.1,2.8,2.9,3.9,3.9,3.7,3.5,3.6,3.7
Texas,TX,6.7,6.3,6.4,5.8,5.8,6.5,6.3,5.8,5.7,5.6,5.8,5.6,6,6,5.5,5.2,5.2,5.6,5.5,5.4,5.6,5.3,5.5,5.1,5.4,5.4,5.1,4.9,5,5.5,5.4,5,4.7,4.4,4.5,4.1,4.8,4.7,4.3,4,4,4.7,4.8,4.3,4.4,4,4.2,4.3,4.7,4.3,4.3,3.9,4.3,5,5.2,5.2,5.2,5.2,5.3,5.5,6.5,6.6,6.5,6.1,7.3,8.5,8.6,8.4,8.4,8.2,8,8,8.8,8.5,8.4,8,7.9,8.4,8.5,8.3,8.1,8,8.3,8,8.5,8.3,8.1,7.7,8,8.8,8.8,8.4,8.2,7.6,7.2,7,7.3,7.2,6.7,6.3,6.6,7.3,7.3,6.8,6.4,6.2,6,6.2,7.1,6.7,6.4,6.1,6.3,6.9,6.7,6.4,6.3,6,5.8,5.4,5.8,5.8,5.5,4.8,5.1,5.5,5.7,5.4,5,4.7,4.6,4.2,4.8,4.6,4.4,4.1,4.3,4.7,4.8,4.5,4.5,4.4,4.4,4.2,4.5,4.5,4.5,4.3,4.3,5,5.1,4.9,4.9,4.6,4.5,4.6,5.1,5,4.6,4.2,4.2,4.6,4.5,4.5,4.1,3.7,3.9,3.8,4.3,4.2,4.1,3.7,3.6,4.3,4.1,4,3.8,3.5,3.5,3.6,4.2,3.8,3.5,3.1,3.1,3.8,3.9,3.7,3.4,3.3,3.3,3.2,3.7,3.5,5.4,12.3,11.8,10.4,9.7,7.9,7.7,6.7,6.8,6.7,7.1,6.9,6.4,5.9,5.7,6.4,5.8,5.4,5,4.7,4.4,4.1,4.7,4.3,3.8,3.5,3.6,4.2,4.1,4,3.8,3.8,3.8,3.7,4.3,4.4,4,3.5,3.9,4.2,4.2,4.3,4,3.8,3.7,3.7,4.1,4.2,3.9,3.6,3.8,4.5,4.5,4.4,4.1,4,4.1
Utah,UT,5.7,5.6,5.6,5.2,5,5.5,5.1,5,4.5,4.4,4.3,4.2,4.8,5,4.6,4.3,4.1,4.4,4.1,4,3.6,3.4,3.4,3.1,3.6,3.8,3.3,3,2.8,3.1,2.9,2.9,2.3,2.1,2.2,2.1,2.7,2.7,2.5,2.4,2.3,2.8,2.6,2.7,2.4,2.4,2.4,2.6,3.2,3.2,3.1,2.8,2.9,3.4,3.3,3.5,3.1,3.1,3.2,5.1,6.7,7.3,7.4,7.1,7.3,8,7.9,8.1,7.8,8,7.8,7.9,8.8,8.9,8.6,8.2,8.1,8.4,8.3,8.4,7.9,7.8,7.9,7.8,8.3,8.3,8,7.7,7.7,8.2,7.7,7.4,6.5,6,5.4,5.1,5.5,5.1,4.9,4.6,4.6,5.2,5,5,4.3,4.4,4.2,4.3,4.9,4.7,4.4,4.1,4.1,4.6,4.3,4.3,3.9,3.8,3.6,3.5,4,4.1,3.9,3.3,3.5,3.9,3.8,3.8,3.3,3.3,3.3,3.2,3.8,3.9,3.6,3.4,3.5,3.8,3.7,3.7,3.2,3.3,3.3,3.2,3.7,3.8,3.7,3.5,3.2,3.7,3.4,3.4,3,3,2.8,2.9,3.4,3.6,3.3,3.1,3,3.5,3.2,3.4,2.9,2.8,2.8,2.8,3.3,3.4,3.1,2.9,2.7,3.3,3,3.1,2.6,2.5,2.5,2.6,3.1,3,2.8,2.5,2.5,2.8,2.6,2.6,2.1,2.1,2.1,2.2,2.7,2.7,3,9.8,7.8,6.6,5.9,4.9,4.3,3.7,3.5,3.4,3.6,3.6,3.2,3,2.8,3.2,2.8,2.8,2.1,2.1,2,1.9,2.5,2.5,2.3,2.2,2.3,2.7,2.4,2.6,2.2,2.3,2.3,2.2,2.7,2.8,2.6,2.4,2.6,2.8,2.7,3,2.6,2.7,2.6,2.6,3,3.3,3.1,3,3.1,3.5,3.5,3.6,3,3,3
Vermont,VT,4.7,4.3,4.3,4,3.6,3.7,3.4,3.2,3.2,2.8,3.3,3.3,4.1,4,3.8,3.7,3.2,3.5,3.3,3.1,3.3,3,3.4,3.4,4.1,4.1,3.9,3.9,3.4,3.7,3.6,3.6,3.6,3.1,3.7,3.6,4.6,4.3,4.1,4.2,3.7,3.8,3.8,3.5,3.7,3.3,3.7,3.8,4.7,4.4,4.5,4.3,4.2,4.3,4.2,4.3,4.4,4,4.7,5.3,6.6,6.9,7.1,6.9,6.7,6.8,6.4,6.2,6.3,5.8,6.2,6.4,7.3,7.1,7,6.7,6.1,6.2,6,5.8,5.7,5.2,5.9,5.8,6.5,6.2,6,5.8,5.3,5.4,5.3,5.1,5.2,4.6,4.8,4.8,5.5,5.3,5,4.9,4.7,5,4.9,4.8,4.5,4.1,4.3,4.5,5.3,4.9,4.7,4.6,4.4,4.7,4.4,4.2,4.3,3.7,4,3.9,4.5,4.4,4.3,4,3.7,3.8,4,3.9,3.8,3.2,3.6,3.6,4.2,4,3.7,3.6,3.5,3.5,3.4,3.3,3.3,2.8,3.2,3.1,3.7,3.5,3.4,3.3,2.9,3.2,3.1,3,3,2.4,2.7,2.9,3.6,3.5,3.3,3.2,2.8,2.9,2.8,2.9,2.7,2.2,2.6,2.6,3.3,3.1,3,2.9,2.4,2.7,2.4,2.3,2.2,1.6,2,2.2,2.9,2.5,2.4,2.3,1.8,2.1,2,2.1,1.9,1.5,1.9,1.9,2.5,2.3,2.7,14,10.4,8,6.7,5.1,4.7,3.3,3.6,4.2,5,5,4.8,4.8,3.7,3.9,3.3,3.2,2.9,2.2,2.4,2.4,3.1,2.8,2.4,2.5,2.1,2.5,2.2,2.4,2.2,1.8,2.2,2.1,2.6,2.4,2.1,1.8,1.6,1.8,1.7,2,1.9,1.5,1.8,2,2.5,2.4,2.1,2.3,2,2.3,2.3,2.4,2.3,2,2.5
Virginia,VA,4.3,4.1,4,3.5,3.7,4,3.8,3.8,3.5,3.4,3.5,3.4,3.9,3.9,3.6,3.4,3.5,3.7,3.5,3.5,3.4,3.2,3.3,3,3.3,3.4,3.1,2.8,2.9,3.2,3.2,3.2,3.1,2.8,2.9,2.8,3.3,3.3,3,2.7,2.9,3.2,3.1,3.2,3.1,3,3.1,3.2,3.8,3.7,3.7,3.3,3.7,4,4.2,4.3,4.2,4.3,4.6,5,6.3,6.7,6.8,6.4,6.8,7.1,7,7,6.9,6.8,6.8,6.9,7.6,7.6,7.3,6.6,6.7,6.8,6.8,6.8,6.5,6.4,6.5,6.3,6.8,6.6,6.3,5.9,6.1,6.5,6.4,6.5,6.3,6.1,5.9,5.9,6.4,6.3,6,5.5,5.7,6.1,6.1,6,5.6,5.5,5.3,5.4,6.2,5.9,5.5,5.1,5.5,5.8,5.7,5.6,5.5,5.5,5.2,5,5.6,5.6,5.4,4.7,5.1,5.2,5.3,5.3,4.9,4.7,4.7,4.5,5.1,4.9,4.6,4.1,4.5,4.5,4.4,4.3,4.1,4,4,3.8,4.3,4.2,4.1,3.7,3.8,4.1,4.1,4.3,4.1,4,3.8,3.7,4.3,4,3.8,3.4,3.6,3.7,3.7,3.8,3.5,3.3,3.3,3.1,3.5,3.3,3.2,2.8,2.9,3.2,3,3.1,2.8,2.7,2.7,2.7,3.3,3,2.9,2.4,2.7,2.8,2.9,2.9,2.6,2.5,2.5,2.4,2.9,2.6,3.2,11,9.8,10.2,9.3,7.7,6.3,5.4,5,4.5,4.8,4.7,4.5,4,4.2,4.6,4.2,4,3.4,3,2.1,2.6,2.7,2.5,2.5,2.3,2.7,2.9,2.9,3.2,2.8,2.7,2.7,2.4,2.9,2.8,2.7,2.3,2.7,2.8,2.7,3,2.8,2.8,2.6,2.4,2.8,2.9,2.7,2.4,2.8,3.1,3.2,3.3,2.9,2.8,2.9
Washington,WA,7.7,7.4,7.2,6.2,6,6.1,5.9,5.8,5.4,5.5,5.8,6.1,6.6,6.7,6,5.5,5.4,5.4,5.3,5.3,5.1,5,5.4,5.3,5.7,5.8,5.2,4.8,4.9,4.9,5,4.9,4.6,4.3,4.9,4.9,5.6,5.3,4.8,4.3,4.3,4.3,4.5,4.3,4.2,4.1,4.5,4.8,5.3,5.3,5.1,4.4,4.8,4.9,5,5.1,4.8,5.1,5.6,6.4,7.8,8.4,8.5,8.1,8.6,9,9.2,9.5,9.6,9.6,9.8,10.5,11.3,11.2,10.9,9.8,9.7,9.6,9.5,9.6,9.3,9.3,9.9,9.9,10.7,10.4,10,9.2,9.3,9.4,9.3,9.2,8.9,8.9,8.8,9.1,9.8,9.8,9.4,8.5,8.8,8.9,8.8,8.3,7.5,7.3,7,7.3,8.2,7.4,6.9,6.3,6.4,6.6,6.6,6.5,6.1,6.4,6.3,6.4,6.8,7,6.6,5.5,5.7,5.5,5.8,5.8,5.5,5.5,5.7,5.8,6.3,6.1,5.6,5,5.3,5.2,5.4,5.2,5.1,5.2,5.5,5.8,5.9,5.8,5.7,5.1,4.9,5,5.2,5.1,4.9,4.8,4.7,4.9,5.5,5.3,4.9,4.3,4.3,4.4,4.5,4.8,4.4,4.3,4.5,4.7,5.2,5.1,4.7,4.1,3.9,4.3,4.2,4.2,4,4.1,4.2,4.7,5.3,5.3,4.9,4,3.9,4.1,4.2,4.2,3.6,3.6,3.6,3.7,4.3,3.9,6.3,16.5,14.2,11.7,10.9,8.7,7.9,6.8,6.6,6.9,7.2,6.7,6.1,5.2,5,5.5,5.3,5.1,4.6,4.1,3.8,3.8,4.7,4.4,4.1,3.6,3.7,3.9,4,4.4,3.9,4,4.1,4.2,4.5,4.5,4.1,3.6,3.7,3.8,4,4.5,4.2,4.4,4.4,4.7,5,5.1,4.7,4.1,4.2,4.4,4.7,4.6,4.1,4.2,4.3
West Virginia,WV,6.3,6.5,6.3,5.6,5.2,5.6,5.3,5.1,4.5,4.5,4.6,4.9,5.8,6.2,5.8,5.1,4.7,5.2,5.1,5,4.6,4.3,4.5,4.5,5.1,5.6,5.1,4.8,4.6,4.9,5,5,4.4,4,4.3,4.2,5.1,5.6,4.9,4.5,4.2,4.5,4.5,4.4,4,3.8,3.9,4.3,5,5.1,4.9,4.2,4.2,4.5,4.2,4.3,4,4,4.4,5.1,6.9,7.8,8,7.9,8,8.5,8.4,8.3,7.8,7.8,7.8,8.2,9.5,10,9.4,8.3,8,8.2,8.2,8.3,7.7,7.5,7.9,8.2,9.1,9,8.5,7.7,7.4,7.9,7.6,7.7,7.2,6.8,6.7,7,7.7,7.9,7.5,7,7,7.5,7.5,7.4,6.7,6.6,6.6,7,8,7.8,7.2,6.5,6.2,6.8,6.7,6.6,6.1,6.2,6.1,6.3,7.4,7.8,7.4,6.3,6.3,6.4,6.6,6.6,5.8,5.7,5.8,5.9,7.2,7.4,7.3,6.6,6.6,6.8,6.9,6.5,5.8,5.6,5.8,6,7.1,7.3,6.9,6.2,5.8,6.3,6,6.1,5.6,5.4,5,5.3,6.3,6.2,5.7,5,4.6,5.2,5.2,5.4,4.5,4.5,4.9,5.1,6,6.4,6.1,5.3,4.8,5.4,5.1,4.9,4.3,4.3,4.3,4.8,6,5.9,5.5,4.5,4.5,5,4.9,4.9,4.3,4.5,4.6,4.8,5.7,5.8,6.7,15.6,12.8,10.1,9.7,8,7.3,6.1,5.9,6.2,6.9,6.9,6.4,5.8,5.3,5.7,5.1,4.9,3.9,3.6,3.6,3.5,4.7,4.7,4.3,3.7,3.5,4.3,4.1,4.2,3.3,3.3,3.3,3.2,4.1,4.2,4,3.4,3.5,4.1,3.9,4.4,3.7,3.6,3.6,3.8,4.6,4.8,4.5,3.8,3.7,4.4,4.4,4.3,3.6,3.5,3.6
Wisconsin,WI,5.8,6,6.1,5.2,4.9,5.3,4.9,4.6,4.2,4.1,4.3,4.4,5.2,5.7,5.4,4.9,4.6,5,4.7,4.3,4.2,4,4.4,4.4,5,5.5,5.3,4.9,4.4,4.9,4.8,4.4,4.2,4,4.3,4.5,5.4,5.6,5.3,5,4.6,5.1,4.9,4.7,4.4,4.2,4.3,4.4,5,5.1,4.9,4.2,4.2,4.9,4.8,4.8,4.6,4.8,5.4,6.2,7.9,9,9.3,8.8,8.8,9.4,9.1,8.9,8.6,8.5,8.6,9,9.9,10,9.8,8.7,8.2,8.5,8.2,7.9,7.4,7.3,7.5,7.5,8.4,8.5,8.2,7.7,7.5,8.1,7.7,7.4,7,6.7,6.6,6.8,7.6,7.9,7.6,6.9,6.8,7.4,7.3,6.8,6.1,5.9,6.1,6.6,7.8,7.9,7.5,6.9,6.6,7.1,6.8,6.3,6,5.9,5.8,5.8,6.4,6.7,6.5,5.5,5.3,5.6,5.4,5,4.5,4.3,4.4,4.5,5.3,5.4,5.2,4.5,4.6,4.7,4.4,4,3.7,3.7,3.9,4.1,4.6,4.8,4.6,4.1,3.6,4.3,4,3.7,3.3,3.3,3.2,3.4,4.1,4.3,3.8,3.2,3,3.6,3.4,3.2,2.8,2.5,2.6,2.7,3.3,3.7,3.6,3,2.8,3.5,3.2,2.9,2.4,2.4,2.5,2.8,3.6,3.6,3.7,3.1,3.1,3.6,3.5,3.3,2.8,2.6,2.7,2.9,3.6,3.5,3.9,14,10.6,9,7.9,6.1,5.3,4.5,4.4,4.6,5,5.2,4.9,4.2,3.8,4.4,3.9,3.6,2.9,2.5,2.4,2.5,3.5,3.6,3.4,2.8,2.6,3.2,3,2.9,2.4,2.2,2.2,2.2,2.9,3.2,3,2.6,2.7,3.3,3,3.1,2.6,2.4,2.4,2.5,3,3.5,3.5,2.9,2.8,3.3,3.2,2.9,2.5,2.5,2.7
Wyoming,WY,5.1,4.5,4.5,4,3.7,3.8,3.5,3.3,3.2,3.3,3.6,3.7,4.5,4.2,4.1,3.8,3.6,3.6,3.3,3.1,3,3.1,3.4,3.3,4.1,4,3.7,3.4,3,2.9,2.6,2.6,2.6,2.5,2.8,2.9,3.6,3.2,3.2,2.9,2.7,2.8,2.6,2.3,2.1,2.2,2.6,2.8,3.5,3.2,3.2,2.6,2.6,2.8,2.8,2.8,2.5,2.8,3.3,3.8,5.2,5.4,5.9,5.8,5.9,6.5,6.4,6.3,6.4,6.8,7.1,7.5,8.5,8.1,7.8,7.2,6.7,6.6,6.4,6.2,6,6,6.5,6.5,7.3,6.9,6.7,6.3,5.8,5.9,5.7,5.7,5.5,5.6,5.8,5.9,6.5,6.3,6.1,5.6,5.3,5.6,5.4,5.1,4.6,4.7,5,5.2,6.1,5.6,5.3,4.9,4.5,4.7,4.4,4.2,4,4.3,4.4,4.6,5.3,5.1,4.9,4.2,4.3,4.4,4.3,4.1,3.8,3.9,4.1,4,4.8,4.6,4.5,4,3.9,4.1,4.1,3.8,3.7,4.1,4.6,4.8,5.8,5.7,5.9,5.7,5.3,5.5,5.1,4.8,4.7,4.7,4.8,5,5.7,5.3,4.9,4.4,4.1,4.1,4,3.7,3.6,3.8,4.2,4.1,5,4.8,4.6,4.3,3.9,4.2,3.8,3.6,3.3,3.4,3.7,4,4.7,4.1,4,3.5,3.4,3.7,3.6,3.3,3.1,3.4,3.9,4.2,5.1,5,6,4.9,8.9,7.2,6.8,5.6,5.4,4.9,5.1,5.5,6.3,6.1,5.7,5.3,4.7,4.9,4.3,3.9,3.3,3.3,3.5,3.5,4.4,4.1,3.8,3.5,3.2,3.5,3.1,3.2,2.9,3,3.3,3.3,4.1,3.8,3.6,2.9,2.7,2.8,2.5,2.5,2.3,2.4,2.7,2.7,3.6,3.6,3.4,3,2.9,3.1,3.1,3.1,2.7,3.1,3.6
,,11.3,10.8,11.7,11,10.8,10.3,10,11.4,9.8,10.1,9.9,9.8,10.8,10,11.4,11.4,10.9,11.8,11.9,11.2,10.6,12.5,12.6,10.8,11,9.9,9.3,9.8,11.3,11.5,11.9,10.9,11,9.8,9.9,9.7,10.2,10.9,10.2,10.1,10.8,12,12.3,12.2,11.3,12.3,11.1,10.8,11,10.8,9.3,10.1,11.6,12.1,12.4,12.8,12.2,12.9,12.7,13.3,13.3,14.4,14.9,15,14.6,15.5,16.8,16.2,16.8,16.2,15.8,14.5,16,16.1,16.3,17.2,17.1,16.9,17.3,16.4,16.5,16,15.6,14.9,15.9,16.3,17.1,16.5,16.3,15.4,16.5,16.4,15.6,16.5,15.4,13.4,15.5,15.2,15.1,14.5,13.7,14.2,15.1,14.4,14.3,14.5,13.5,13.6,14.9,13.9,13.5,13,13.5,13.8,14.7,14.9,15.1,14.7,14.1,15.4,14.4,14.6,14.2,13.4,13.6,12.8,13.9,15.3,15.1,13.7,13.6,12,10.8,11.2,12.5,12.6,12.3,12.6,11.1,12.3,12.2,14.1,11.7,10.3,11.1,11.6,12.2,11.4,11.2,10.8,12.4,12,13.1,12.5,10.9,12,11.6,11.3,11,11.5,10.3,9.4,10.5,11.8,11,11.4,10.4,9.9,10.7,10,9.8,9.4,9.3,9.2,9.5,9.2,8.7,8.3,7.7,8.5,8,9,9.3,7.8,7.8,8,7.9,7,8.2,9,8.5,9.2,9.6,7.8,,,9.6,8.5,7.3,8.5,9.4,8.5,9.5,10.6,9.1,7.9,7.4,7.1,8.1,8.2,9.3,9.2,7.9,7.1,7.3,6.7,6.4,6,5.8,5.8,5.8,5.8,5.7,6,6.3,6.5,6.2,6,5.6,5.9,5.8,5.6,6.1,6.2,6.8,6.1,5.6,5.5,5.7,5.8,5.8,5.8,5.7,5.6,5.6,5.6,6,5.7,5.5,5.5,5.5